CP1,CP2,CP3,CP4,CP5,CP6,CP7,CP8,CP9,Calidad
1.993854005000955,0.9917474995450128,0.6424989763726391,1.0407673429600224,-0.4391736610871954,-0.7362615797656529,-0.8874797796347569,-1.5819274387512836,-1.2082978150546386,Baja
-2.141999393830532,-0.5934858816056441,-1.8052259741552887,-0.1838070265977952,-0.094056664270621,-0.7125380496344034,0.1913985096729309,0.2367222809628895,0.0696893178746375,Baja
1.4104816141520804,-1.2654788138376638,-0.488331397737772,0.0697515651804525,-0.4401202438250127,-1.088946486603669,0.7640473174804324,-0.0272925756123556,0.0153955868106297,Baja
-1.199700085642717,0.4393889963789099,-2.0902972972390206,0.2356382886718434,0.0929394010001072,1.7208688890311383,-0.5665852715901597,0.0484375736442714,0.0531238356053639,Baja
-0.3183422580603757,0.4882639373744632,1.555428371959633,-0.0218967178759518,-0.133503587818772,-0.3998207170399832,0.2978639663668475,-0.3550308163673771,-0.0598520998181763,Baja
0.5374121142147855,0.9809816746804744,-1.7781319241331297,-0.5873817671586982,0.3425997409703594,-0.0810410558744545,-0.0664139703233337,-0.0550252479192073,0.3101461243017144,Baja
0.7948184085079458,2.0287422772632704,0.2987415859381211,-0.5095871872048354,-0.8114938977128825,-0.3940864544227349,0.0510685250854442,-0.2354986663349922,1.0555588934116236,Baja
-1.288492911080319,-0.3163946665276788,-1.2537122302930956,0.0495952524386472,-0.1192760534849801,-0.0640672557279271,0.3390430749769701,0.2259150367083989,0.2074500880331974,Baja
-0.3218311237726161,-0.7660024084017624,-1.1649861907259451,0.236466146877995,-0.5581921042423488,-0.4168137450768228,0.8025303578378606,0.9099651732894968,0.4438889630362961,Baja
2.6554097669486247,-0.5293973020109137,-1.6241439655963643,-0.8022715758536101,-0.5087769713063816,-0.0972011066637307,-0.1875981740936891,0.3689666316707918,0.1241236246339052,Baja
-1.1282483179655107,0.4146491685885035,-1.2111044319192916,0.1548617633566007,-0.4217446502191437,-0.7912980063974993,0.1089990552787601,-0.0842636888127097,0.3133606190716977,Baja
1.6258680301685526,0.8567176342770726,0.6709612879479766,1.2073086023636508,-0.4278778272360708,-0.9002171222791258,-0.5693120051536615,-1.371109227010482,-1.0621287112662017,Baja
-1.632450234999805,1.4525087710605973,-0.6601106757860976,-0.0808927153771331,-0.0750630656737122,-0.6826828449517393,-0.1794018696638547,-0.365315689221873,0.7015637946986427,Baja
-1.3969091918082743,-0.4322401531440688,-0.8611378584671537,0.0195692042921526,0.7302447118866173,-0.6761279823956892,0.4849801510094456,0.2073807108392689,0.1198213069355368,Baja
-2.341449827720228,-0.2951431256350417,-0.6826062880081345,-0.0631370472717831,-1.1271229022748457,-0.1569335335810232,1.0266273706771498,0.6063997064651596,-0.4905613200188994,Baja
0.3548043062985217,-2.369740882756772,0.0302590036121756,-0.8502611155850317,-0.7610071402330064,1.1319178134974668,0.505132320372993,-0.1953359168611794,-0.0927116078366396,Baja
0.2441673206387283,2.672476601442252,-0.0608221722474125,-0.6634188637917763,-0.8395912580822859,0.537671479670565,-0.3295058836150481,0.0904033032559446,0.6698790613194842,Baja
-1.559910512881836,0.2551811158129895,-1.0066742192036318,0.4324993322366278,0.6763295366158184,-0.044749623660923,0.22674200344848,-0.2160197170231273,-0.2168850384000003,Baja
3.924192241795061,-0.945670241756576,-1.8169892659739533,-1.4947234025023413,-0.8221566751850053,0.1363849979152764,0.1326410264016949,-0.0315140558523161,-0.384217098221817,Baja
-1.154937869632178,0.4617120796030285,-2.1980695085599766,-0.9706246071887474,2.5850592470812,0.2634942689061282,0.2338418314382743,0.5951229074759972,0.1895754779384919,Baja
-1.206415216153878,0.44073461780188,0.7668311978091841,0.2027047998069369,-0.3992004614906005,-0.877092172437104,0.2126370827854443,-0.602238274721658,-0.5164584109649573,Baja
1.6588802499453985,-0.9020076021308568,0.0302974071012125,0.0237005734298855,-0.2783734913637892,0.4988249617302669,0.0771205066721162,-0.1701348022654106,-0.088184641957583,Baja
-0.435505660676849,-0.1607544175397315,-1.7897959948592856,-0.4783896754491434,-0.5972952412088917,0.1911788267800695,0.510705607620143,0.3622313967007723,-0.6604248111119885,Baja
-1.5053459390871404,1.3290516808965385,0.10153277537009,0.0164466483725851,-0.6844834372479748,0.6752182679971745,0.1220357867368411,0.1329185080325825,0.7806181403523615,Baja
-1.2863662634398971,0.1021071816702171,-2.388089017462576,0.4789477231177533,0.0051670491027543,1.2349725614659346,-0.5544863639485902,0.8420763515663713,-0.1439254259755817,Baja
-1.9084363081537128,0.4416919299065053,-0.8983770341209466,-0.789501211377726,-0.1441726126935273,1.454447259499855,-1.1268459290202146,-0.3714306171297337,0.6120671000830612,Baja
-1.206415216153878,0.44073461780188,0.7668311978091841,0.2027047998069369,-0.3992004614906005,-0.877092172437104,0.2126370827854443,-0.602238274721658,-0.5164584109649573,Baja
0.1444103584956992,-0.241345404129053,-1.910628453923726,-0.4849639587646652,-0.5215783046935741,0.6808896233830207,0.3622779621784984,-0.3241179499719196,0.2715985422320999,Baja
-2.748797825886036,-0.4294525167436772,0.9143384086021192,0.0397960924071057,-0.0668085787481853,-0.217804920021309,-0.1682806473064967,-0.3260010335914328,-0.5354511762153561,Baja
0.350880975258121,0.7156797358082654,-1.06000428097477,-0.5351655741608257,-0.3913678725801111,0.1845053653003501,0.38869484498412,-0.1326088659233185,-0.0931795249330267,Baja
1.5753528033322526,-1.011295694885774,-1.2753091462794266,-0.6947847815464419,-0.771537223453343,-0.3476142861379246,-0.0594794944949816,0.2075526110683652,-0.1808577067663709,Baja
-1.735217838903938,0.5887956403312669,-1.57709158860984,0.1547877434290912,-0.0706172980368097,-0.6002175459441496,-0.048167463843177,-0.1451065466968884,-0.1683312506578363,Baja
3.671844186068519,-1.5610434792052876,-0.6439482734527677,-0.2120088109322202,-0.5688260643960994,0.0818951340206722,-1.1095335182517685,0.5143644153543359,-0.0270918365951201,Baja
-2.0230670673288915,-1.1833743401574472,-1.4839181039287477,-0.4051535754471291,-0.1273441047615175,-0.2298773771724969,0.3202845407121319,0.2972946266950176,-0.1055136604809626,Baja
0.6596264952448656,-0.5814092553143156,-0.5053161258927352,-0.8525576659878179,-0.2548510777954679,1.333770789666072,-0.9795496746604062,-0.103438151714235,-0.1109289162874584,Baja
-3.208132731869945,-0.8894833753106773,0.2922148726041196,-0.4273420805366754,0.8759306372388428,0.5717168337704711,-0.171626936794815,-0.4014517550903329,0.1620322658735634,Baja
-0.2393937866681466,-1.1940107818795245,-0.998432505373722,0.1676539945773886,-0.5968516366102751,-0.4704191215848086,1.0199072532677982,0.5172089913888189,0.0204194641315049,Baja
0.0007363889102812,0.1041082389705357,-1.249221121926489,-0.3245196955296472,-0.5345442018429408,0.2401581339601554,-0.0544642805651825,0.8659475321341364,-0.0493236444716336,Baja
-2.428329566919903,0.2214854373426381,-1.6888418106225285,0.077330649080306,0.5752086614290066,-0.2455089152330535,-0.5301645394569631,-0.2376851657643056,0.0315752380654164,Baja
0.3566285351567101,1.5526093250109574,2.7788471701124733,0.1746199137152611,-0.5635387899386182,-0.3507849056794023,-0.115848716317029,-0.6873335772946255,0.1672676736905813,Baja
-1.138487967818941,0.3286939502627717,-1.0350668360745447,0.1337553734755154,-0.9288885515140962,1.5927797477062815,0.0520499542939883,0.8474344212903963,-0.2845982658825526,Baja
-1.1082790755028575,-0.240987507057891,-0.036422987225067,-0.5661846180314993,0.0768983583967238,0.0350910825331924,0.7736342174200646,0.020531755658732,-0.2700803761359385,Baja
-1.060379564673157,-0.1034292478941267,-0.9125907130137896,0.1860801234280546,-0.5634067754660086,-0.7216646430782289,0.3327123916730981,-0.0739366140885095,0.0776419734744194,Baja
-1.1082790755028575,-0.240987507057891,-0.036422987225067,-0.5661846180314993,0.0768983583967238,0.0350910825331924,0.7736342174200646,0.020531755658732,-0.2700803761359385,Baja
0.3239205326365573,1.80060560733192,-0.0360926525042201,-0.5560751914958831,-0.4339968856228745,-0.0336523983606974,0.2214984342273913,0.5062722338238006,1.1106544012158883,Baja
-1.7233687618737563,-0.4641950351525258,-1.954632121749439,-0.2488500133135775,-0.4683910281734736,0.2969782453657157,0.7522459403145777,0.1957715657814846,-0.3292273460084597,Baja
-2.5819352275880845,-1.403969710550667,0.3460487744811594,-0.5644375209680309,1.647459860905929,1.3811220384010188,-0.0440161182433831,0.2586197814037799,-0.0552585800343138,Baja
-3.2653646248135155,-1.7109301798463952,0.0716793450373484,-0.0550263716670959,0.4941959734027878,0.2876336418716114,-0.2541138160528102,-0.2676411614912447,0.3149380197873346,Baja
1.4578559463722118,0.0154283936205789,-0.529265465234532,-0.8788811511659501,-1.074660041169329,-0.154095956172288,0.8027189945114919,-0.2430796332612963,0.3898701855376483,Baja
-1.331037030523605,-0.3679595414006042,-1.062807199373134,0.0755315100513426,-0.2096764636265015,0.565493890596943,0.0986715598904694,0.3916346314303008,-0.2799646747715842,Baja
-0.7484790927753558,0.8820388613867931,-1.1713942288914614,0.4110206716641527,-0.0435310067569638,0.4014731306917025,-0.5395534786613521,0.5979460565145465,-0.086856925725559,Baja
-3.217163611836816,-0.0440872326063458,-1.3808147141015708,-0.3835564675976339,0.8148798420174677,1.4643552657397798,-1.2710021941066072,-0.699710883091897,0.2968739870443189,Baja
-2.150500099728504,0.8142860027903684,0.6170626098617528,0.4076866374895937,-0.2409358627379113,0.0548351165234315,0.1708116058631555,-0.3558660023390506,-0.9715243940542524,Baja
-0.3858110468334405,0.7155250865419068,-1.02516807776759,-0.5784630753364439,-1.0631283445330166,0.6865819183767576,0.5154206500621781,0.5836259378378738,0.5315162503744172,Baja
2.750363399921213,-0.9767789669241382,-1.08062274144653,0.0298292261753633,-0.5338044171751224,-0.635305468932053,-0.0806897307832033,0.7036665370862518,-0.2966488822107759,Baja
-0.1859727063762719,-2.0994050774130137,0.2875624712045901,-0.485423706664377,-0.6925355072818351,-0.5212090487764235,0.517202158832557,-0.0570291724295615,0.3359134089722888,Baja
-4.636036391631371,2.3603647665610743,0.5584771077058629,-0.0221915540017355,-0.3253941958652335,0.2200246537495523,-1.2422434687590924,-1.4522384125747851,-0.008437872079108,Baja
-1.4996241911221737,-0.4420818148482534,-1.0974575356082426,-0.0625635747393699,-0.0743404101997901,0.0846755612660086,0.544015334592685,0.5249554081065915,-0.0554508139874268,Baja
-0.8564744067112855,1.41540453840257,-0.4991182784087279,-0.1783276921596844,-1.058105810646099,0.6932456062436828,0.1083082319873643,-0.1522582773370654,0.8016371662351262,Baja
3.573636836590485,2.260190024052991,0.7181318920491035,0.0338789439512533,-0.3392594087008431,-1.211086387270789,-1.0017268493512368,-0.306145771390715,-0.1181212444776479,Baja
-0.8154683582034438,-0.3176188299958169,0.5597429881186969,-0.0527409666128492,-0.6750043100386821,-0.3842148361351415,0.3748314277909213,0.0216939609774541,-0.0436813922812637,Baja
0.0746737538758929,1.9368300416644464,2.9153428574572944,0.2724386270983595,-0.6590491562617612,-0.2914703334415028,-0.2127189437765951,-0.2788549315138568,-0.3379171293720136,Baja
-1.2275312026070877,0.2198003615948279,-1.4095132034817546,0.296683863640059,-0.5583939990681002,0.9642703797108424,0.1271546568585703,0.428484550963854,0.1132569355516524,Baja
0.0531056347363896,0.4165427428512384,-0.9324305897724192,-0.2544540486714943,-0.9306186276897036,0.3369985756657129,0.6020996695697916,0.864528938836611,0.272236740042385,Baja
-0.4496452622649899,0.3837548451346768,-1.4605289780255568,0.2251736529583541,1.0111817084774095,-1.1933933585950698,-0.7673938765037923,-0.5761928450254473,-0.0506014222006792,Baja
-1.331037030523605,-0.3679595414006042,-1.062807199373134,0.0755315100513426,-0.2096764636265015,0.565493890596943,0.0986715598904694,0.3916346314303008,-0.2799646747715842,Baja
-1.074267950872067,0.8028699413539664,-0.4375292113955753,0.2728337166908739,-0.98818460564262,-0.4494046017663878,0.3208452020302204,0.1441994656382781,-0.6548667838552265,Baja
-0.3165194908197828,-1.504353896680437,0.1990133414854028,-0.2851794721734182,0.1568944798689315,0.2558728400146097,0.6862738554501391,0.0958735518549258,0.2560223101783225,Baja
-1.6123250655553996,0.1784293793973997,-0.5364381819986199,0.2252702603062249,0.2132222001684297,-1.5484663951783728,0.1922463367300326,-0.6535415247467997,0.1423979772431452,Baja
-0.0533265176134185,1.935262680663211,0.0372918692362364,-0.5399969365958464,-0.7366260370323368,0.2816352283681017,0.3058600755981908,0.583899529307918,1.2078052092013367,Baja
-0.662650553216098,-0.579703841868252,-0.7272594374895063,-0.2664737039514447,-0.7960493282963028,-0.3435705465764875,1.4106786458814675,0.1823978527791426,0.2363432769024713,Baja
-1.4746414449857963,1.4311346975962378,-1.545798015192726,0.17306048070192,-0.4830266035041087,0.3586747716129924,-0.7271266876618292,0.0318359808323716,0.0631196424626235,Baja
-0.9392660840130538,-1.0731329349366356,-0.9246093991751436,0.1474854303719777,-0.816380039799396,-0.8160578504892844,1.318164144174568,0.535550129152688,0.1886827526734723,Baja
0.9693948398501474,-0.7229013812336218,-0.1035013778927,-1.102508696830741,-1.504201637814466,-0.3920119793015193,1.1617279466815538,0.1666402839415919,-0.3308750589366128,Baja
-0.7114308045697113,1.5108724635086543,-0.8117722779469629,-0.6113704643017834,0.3825805064226998,-0.2446152262235195,0.3823150429570976,0.252098731643622,-0.8880357155782514,Baja
-1.9084363081537128,0.4416919299065053,-0.8983770341209466,-0.789501211377726,-0.1441726126935273,1.454447259499855,-1.1268459290202146,-0.3714306171297337,0.6120671000830612,Baja
1.2602333703870716,1.970123650275008,0.705086135707948,-0.6448820098804745,-1.54517982256876,-0.0379165638051487,0.3158150500645181,-0.3296418618544597,0.9562554743273224,Baja
1.24107492744159,2.940613995120242,2.7984105751928445,0.9134513350615742,-0.8984614150059346,-1.2924880429023822,-0.7984234241506437,-0.5854197037026971,0.1822020421176443,Baja
0.9272853346351122,-0.4037195648651085,-1.789050810649934,-0.2906151155644438,-0.0300871916565714,0.544864594804336,-0.5633798970419004,0.275247334613002,0.0168763047794038,Baja
0.2881547817646452,-0.5586212720479823,-0.3554956978597188,-0.6213651841625967,0.635310068718242,-0.5460041496152881,0.5498452290028177,-0.0408730622529587,0.3400974507149555,Baja
-1.1814310041549394,-0.3718720359853887,-1.2072387030288962,-0.1632343626318514,-0.7608638478069951,-0.397487359527939,1.4514227654441894,-0.0670196656902742,0.0617396395944571,Baja
2.301099079296044,-1.2849985020154426,-0.8202246598300593,-0.8280152719594848,-0.2766472468849811,0.3783239690500652,0.7211581477993304,0.8503308449392898,0.1208329147788179,Baja
-1.5677566378023595,1.1120133445335714,-1.2092637478775865,-0.3705011703806006,-0.5842504611897783,0.425483821269357,0.2195364242570773,0.431820182135964,-0.5755296503472962,Baja
2.5938861148517547,-0.4940220225322196,-1.4184988956006983,-0.5864929442380247,-1.186932230449385,1.1319394208425493,0.6540933216625322,0.6178546892204907,-0.4302643917783114,Baja
-1.3671282853709918,0.7697101070672363,-0.7726585262820216,0.3611630707158122,-0.9545501536032784,0.0916379403496855,0.0240274294978733,0.7330949491997805,0.1794093964463282,Baja
0.0785070729149949,0.2106154161687474,-0.442613703069037,-0.1896831953944448,-0.2843545665803257,0.3590072038037558,-0.2246350133850862,-0.6074280618600782,0.410279746741404,Baja
-0.5215125466738256,0.0502372592683311,-1.7509019515034263,0.6899721981657162,0.2346628043847491,-0.4486503591333597,-0.1704712347061923,1.07267237161884,-0.371549138558346,Baja
-0.7531984283695836,0.5697809827368961,-0.4960490258149059,-0.2243402030222076,-0.085505307223997,-0.5212871750638883,-0.0810245821487933,-0.371651485136915,0.1326384955165325,Baja
-1.322144266467948,0.6680049358291424,0.2544631870539766,0.016118991388799,-0.2916865676041055,0.4051793822567546,-0.8321231889732088,0.1907536014237829,-0.899580342369699,Baja
2.7808568903723945,1.427674205694207,-0.10307495279724,-1.2333929290303105,-1.241146302569084,0.1524816993376465,0.2788919458075551,-0.7415792886969075,0.5172765052245998,Baja
0.5884071167499703,-0.5509120997524688,-1.660526216213878,0.4823328664358389,-0.5680386184491856,0.002635536555829,-0.4221572248880208,1.028810378177456,0.2480259525854182,Baja
0.3168924737824776,-0.7045140064817225,-1.6696134823658475,-0.2355837367409582,-0.3898796649440609,0.9056280380366768,-0.4183290201867772,0.7844090067116284,-0.0181552634513003,Baja
2.41181834634521,2.7576870999914904,2.3625253380426336,1.10754227087282,-1.7560634355242888,-0.2931183090277794,-0.7272301159195947,0.9957894634837492,0.4555706284169545,Baja
0.6988356004849188,1.066502786429052,-0.4367112029187001,-0.6273962252026858,-0.3438955837360866,-1.02258204495211,-0.5164217881166631,-1.215526761562454,0.5186338169205574,Baja
-0.778688940779469,-0.4799043927220164,-1.0079353801816962,-0.3509811546118696,-0.6186469367075704,-0.1724395510419088,1.1144196823082035,0.2994195521655818,0.5557956888040276,Baja
-3.488836770017949,-1.6595746658532795,0.0346424052909673,0.0754153890278387,0.6822688174430377,-0.9631152993884124,0.19595031800416,-0.5098120806490567,0.4241896196681938,Baja
0.8292931978130552,2.1633590432876764,0.3880107412449159,-0.441286814995336,-0.9420964312682368,0.0061289170270329,-0.0240812637887438,-0.1731845273382372,0.8870307457671418,Baja
-0.531428108625911,-0.5038471048527118,-1.0643204688701102,-0.1934189761857075,-0.3876465816778336,-0.0207320207031254,0.5420249821844968,0.4635888050071826,0.1825665248671605,Baja
-1.0273640451072656,1.9785763743698608,-0.1038711464977189,-0.7901381891377444,-0.1806562355023966,-0.0648497197700675,0.9833635519147534,0.481671955286566,-0.1842678130816549,Baja
0.7798279043339632,2.20294667169951,0.4366395458058262,-0.5313795656976927,-0.9692726919077692,-0.3593858151464211,0.0408864739850944,-0.2757314640744085,0.8867031858594366,Baja
0.2241259905335342,0.1811609032476389,-0.6051950773339699,0.2023850661639155,-0.9946657669492496,-1.0368811178838009,0.6682317263622547,0.0479781608595899,0.116634377727179,Baja
-1.7301171483283806,-0.7946881783104437,-2.029447799212964,-0.5608018076013526,-0.5260405139007333,-0.4117955843056304,0.1157770938676297,0.3707534489125852,-0.04746370297012,Baja
-0.3252843246557446,1.5658070286577397,0.2544778390533544,-0.1766279761884626,-1.237297893303236,-0.7790677250102204,0.4175982141617819,-0.5351182550370366,0.3489660145050823,Baja
-1.270230358572332,0.5185231938554512,-1.795173999089687,-0.2482865546334496,0.2902447673471447,-0.4259539610199725,-0.0578092777137706,-0.0360881546739514,-0.1555211795917678,Baja
-0.309470372366519,0.0482557569333721,-0.2761621546396697,0.1612846233164925,-0.4678536696503734,-1.3952820180004109,0.8397224113301613,-0.480870744372547,0.5997491380340405,Baja
-1.7374823767807364,-0.1111048374586061,-3.212804191286032,-0.7789025298080863,-0.3189123666667185,0.3803481289784762,-0.0289769776668962,-0.0609879851122428,-0.0831821935390984,Baja
-1.4894788892666513,0.6787459785007184,-1.5613133070480996,-0.0024167392536001,0.1764276607182713,-0.6352718333447263,0.1394526134994897,-0.2356565481497997,-0.5920865651230027,Baja
-0.4910972431508528,0.1464295216401505,-1.060816888732823,-0.1625692197675901,-0.4368870927140634,0.0119579900235362,0.5458286083416947,-0.170259954542683,0.9756451897922652,Baja
-1.6123250655553996,0.1784293793973997,-0.5364381819986199,0.2252702603062249,0.2132222001684297,-1.5484663951783728,0.1922463367300326,-0.6535415247467997,0.1423979772431452,Baja
0.1361819535175431,0.5451149068003435,-1.701793392478646,-0.4518016589990805,-0.5160884711618438,0.8609869064137388,-0.4307570512913532,0.188686326896888,0.1024815899334883,Baja
-0.3151780642517424,2.3822222989970605,0.8640673514338203,-0.3481323050406884,-1.580371776528236,0.9792782772282868,-0.1061991465143192,-0.0266976189750505,0.5787843678360031,Baja
-0.7896961768124245,-0.808109755226762,-0.6615084730853894,0.0373848062726634,0.5219644241208992,0.519572830264269,-0.0394246320110773,-0.217236826399665,0.4438835801505759,Baja
0.5328216874303514,0.4379719597554122,-0.1285304169801392,-0.2592856098002253,-0.622153640934658,-1.337696960028459,0.4570604353560941,-0.726728801131249,0.2017861704647312,Baja
0.2330764406158228,-1.1094414801104662,-0.2176118711190287,0.4738396910195749,0.1734769388722594,0.0597902363405217,0.847409326056872,-0.4372861676999725,0.4330747718620126,Baja
-1.92855452151868,-0.8923765574582543,-1.3947917439476067,0.310486730883058,-0.3621995124166184,-0.5927025378248103,0.2615857643651087,0.6223909682290191,0.0053944478020945,Baja
-0.7422193182297475,0.9078745871984972,0.2258504584891965,-0.9564562176525544,-1.0695776739084517,0.5739653675451165,0.1983891445524582,-0.3660700257996158,-0.3839879951040993,Baja
1.4584927370307168,0.4714561287480584,0.1783957939212132,1.0379286622116224,-0.7301196888621823,0.8071979638336448,-0.9687986146656808,1.3646920184077365,0.5831436998170414,Baja
1.0338631381587486,-0.9407801025225108,-0.5229937695554177,-0.5280602341024887,-0.2279939997399372,0.0210766235892562,0.4047140639327616,-0.3621003406832957,-0.2324340618178043,Baja
-1.3683453725659758,0.6620699957214357,-0.8405685602443062,0.1501345208551199,-0.3435781556503661,-0.9881362337622892,0.271649700078962,-0.5357865825639709,1.005871996620975,Baja
1.823997365904657,2.505426542869115,0.7947917132303657,-0.4947197404880272,-1.653010310522813,0.4371656541336437,0.275006715838793,-0.1381591525158874,-0.2318878645147232,Baja
2.3309980118386986,-1.053520955002711,-0.7802261840971351,-0.3877493664497695,-0.2319094435167004,-0.8013893175497234,1.019451417890135,-0.4381401540007715,0.1741026351928237,Baja
-1.50803610383823,-0.0890221713079278,-2.4416461934572067,-0.187839703057524,0.4987067155864633,-0.9448203610577868,0.2911824321113941,0.0097030701937397,0.0891467733010936,Baja
0.8916532004192157,0.8875288779308503,-0.482735649394185,-0.1710595541738119,-0.1721678832892297,0.4382641246170621,-0.6523679386734517,-0.1672999657319572,0.987313497837041,Baja
-0.2947389763478039,0.0807809459011617,-0.4686777630869395,-0.2324236088150191,-0.398633945462613,0.0934286830016271,0.616289190213598,0.8225136283478549,-0.1091668749906689,Baja
-0.191723415149575,2.380621689008722,1.6736630338971783,-0.3330295810577626,-1.928972721314528,-0.3075267291105548,0.370178018390375,-0.1353654619774391,-1.0291271015213286,Baja
-3.497934352983784,-1.206110789505968,1.424013163665154,0.0679771273586997,0.9953220330337992,0.8543320763084208,-0.059103010882941,-0.4435675235525924,-0.4238901839894456,Baja
-0.7009738214014685,0.4082378149931913,-1.5275174180092583,-0.1633252239910019,-0.3779855148235103,-0.0672729111435567,-0.0043203879394083,0.0313145676951006,0.3661245600841888,Baja
1.2330936764382157,-0.6704409729285487,-0.0819789718856118,0.2184069385768962,-1.115618516167848,-0.2996453421074371,1.3314007715406286,-0.5213136391151277,0.2209744067360879,Baja
0.1859979837669254,-0.1505601692492767,-1.0973581491225548,0.315516331282908,-0.4627321255005547,1.0605686911724057,0.6579076784733021,0.3412670188434225,0.0171832640481114,Baja
-1.5818173130863835,-0.5904201933043588,-1.769182818624606,0.6691196878232273,-0.1971206969002488,-0.2481129108184162,0.1476379497015545,0.0942734360747219,-0.2588640183656048,Baja
-0.0895739655777344,1.5644346169018264,-0.1941256582376108,0.1483625157570235,-0.8418842755137211,0.7690955722712621,-0.4982460043448215,0.9406849593124408,0.9320229951878584,Baja
-1.6937334706249048,0.8770068202542394,-0.6697441205132245,0.1496637796976168,-0.3115911025704919,0.6426179984007464,-0.0548620376715433,-0.0180016626990261,0.9397235241853727,Baja
-0.3554281924300931,-0.5853556856726203,-2.070034002277504,-0.1039726638382577,-0.5194726147196583,0.5577731022381174,-0.0122612817813783,0.4393205875714756,-0.0020895510244713,Baja
-3.0268610323220537,0.4935396915055449,-0.2201662153013234,0.5946257332267683,-0.3431609798138097,-0.2951542531656094,0.6248112820149849,-0.3085113783868752,0.3446845003486812,Baja
2.751515589164909,0.2160604455716521,-1.647549646244768,-1.142291504713029,-0.7241106174244183,-0.5569361921334073,-0.4026689288011703,-1.162167281773073,0.7431522015229419,Baja
1.1882025050611469,0.4669606053718317,0.6628372049225699,0.0420812694515303,-0.0499072930386759,0.7161862301383907,-0.2109743561173416,-0.2775010569880923,-0.6759534512686346,Baja
-1.4981162394572431,-0.5152169368500213,-1.6994002073458867,0.3007638403475354,-0.5867639180256815,0.6200060732748086,0.0752387577111421,0.7287007966591751,-0.3265879140587056,Baja
1.40282449073404,-0.0055845314200153,1.7456365959841988,-0.073478618738484,-0.8096981340166867,-0.4867961843249059,-0.2517326451944442,-0.479208803865696,0.0190971931500528,Baja
-1.4749895866836795,0.7322597939748942,-1.4820536468320749,-0.0105833073119268,0.0718624252227759,-0.6728438846939045,0.1433120954502988,-0.1219818968685436,-0.6348399189063432,Baja
-0.0883182894141373,0.3653747056274432,-1.1237695497870142,0.8367815372051102,-0.3485327713144166,0.0991789050839172,-0.7133286595405623,0.8276893449791729,0.3395043272200539,Baja
-0.6891900409480916,1.2167158484279494,0.6430668161421051,-0.4292426220458291,-1.17617128208138,-0.9411133555722394,1.1711665365398598,-0.8818231623558939,-0.3738152656326878,Baja
-1.3737803174484038,0.2795666251525056,-1.0316782317035564,0.2096975724697491,0.1110369861811515,-1.011643492860807,-0.2429704058747452,0.0045034510023818,-0.0977470693385623,Baja
-1.5035164000432553,0.1134339097006185,-2.5761723037666724,-0.6943607404525972,1.9366501517936967,0.4665903438888107,-1.195436964261133,-0.7251607887726185,-0.0879799005139097,Baja
-0.7224383082083916,0.504671914070139,-1.7470834770489096,-0.6399522625048306,0.8991309498998805,-0.4784133527419147,1.213327239991016,0.6346945180647142,0.1157967025129615,Baja
-0.786748387472401,2.403113848017389,0.5152800455016969,-0.4626806594072612,-1.225349811381166,0.4570210169217579,-0.1336466415504084,-0.4891143571131624,0.2527141690467513,Baja
-0.1946024709473348,-0.3740866154050652,-1.471536624974245,0.2469018985497526,-0.077917048881055,0.2967930443909739,-0.9433992989801232,0.0385727833724144,-0.0315567612593638,Baja
-0.7455223569659124,0.4534899047673536,-2.597086924907196,-0.4477354383185064,1.476780148465287,0.0168920428867045,0.0427039694524026,0.3678865864304421,-0.227158564913408,Baja
1.464157572192132,1.4331435935097896,0.6278117688201322,-0.3511972430513497,-0.6965009370524019,-0.1186533154592055,-0.240415513170295,-0.2220265189018924,-0.2266190350174368,Baja
0.5129785576750814,0.9327068078128856,-0.8249480283282422,-0.3649781862545378,-0.9359964767629132,0.3857268028940144,-0.3311311389759092,0.2317119087176885,-1.05706904699307,Baja
-0.3554281924300931,-0.5853556856726203,-2.070034002277504,-0.1039726638382577,-0.5194726147196583,0.5577731022381174,-0.0122612817813783,0.4393205875714756,-0.0020895510244713,Baja
-1.5270185140653476,-0.1289908475204355,-1.5610921923715118,-0.2686085683941644,2.1831484542304835,0.5598681163881037,-0.137491593579479,0.2938248441182041,-0.0484436728360027,Baja
0.7975448489881137,2.1880445235924486,0.2977295881949564,-0.3982402821821003,-0.5179290057901859,0.088933358672084,1.1737251956993366,0.6362100362062723,-0.2087518514295165,Baja
-0.0815679755243336,0.8576911642980709,-0.7303434088094978,0.984100582480323,-0.4078602533438718,0.3261497510979586,-1.0434731115546083,1.058017713470598,0.0757329120710839,Baja
-0.769800817723912,1.4264225633955083,-0.4657314506503036,-0.1949226410868835,-0.9333590909723826,0.6387643366451144,0.2408833839877714,-0.1789589738998999,0.9028125907730932,Baja
1.3986252389702034,1.0170068764139262,0.181440089348521,0.7072722728363368,-0.6415256761372364,0.2926828451326134,0.3085581643619917,0.4923040952875714,-0.463934346403911,Baja
0.0193302658796597,0.1752298630556479,-1.6123753515879984,-0.3483109648826533,-0.709112047572436,1.082544236898871,-0.2810022794973869,1.0093707012176942,0.1972408261175861,Baja
0.4493563029757436,-0.8477820462473366,-1.444662503900233,-0.3484900265224588,0.0418940080408523,-0.1609398425503684,0.4188160207866368,-0.5406543189271991,-0.2897728601247168,Baja
2.976958207895481,-0.6880494052298072,-1.266535074907158,-1.2566727657952423,-0.6285115976505521,0.7922450699002302,-0.447834769295415,-0.3372755992018355,0.5372972864473046,Baja
-2.548807079158532,-1.7917893633405837,0.2441070344771115,0.1360413878627427,0.3339668165515245,-0.473020103811789,0.6549239288025052,-0.7261945333980532,0.2065628947398616,Baja
-0.531428108625911,-0.5038471048527118,-1.0643204688701102,-0.1934189761857075,-0.3876465816778336,-0.0207320207031254,0.5420249821844968,0.4635888050071826,0.1825665248671605,Baja
1.0731813262855343,0.2491069105364256,-0.8756708537382553,-0.6661133232079073,-0.3373853801947671,-0.9738896820296734,-0.229307135890059,-0.906394784475534,0.1823355512046513,Baja
-0.5690502932380874,0.6763857123932252,0.1366608817787031,0.0566946127741296,-1.2350255188158723,-0.642701589550347,0.6516402401782784,-0.0092522602070319,-0.3967558043438315,Baja
-1.2373150123712888,0.3643329070980325,-0.722900980669556,0.7114272686425193,0.0679370886349625,-0.8884447858505297,-0.437182424435337,0.4308643380869836,-0.5133491290221553,Baja
-1.5001909284163089,-0.900463769072593,-0.9981204779184708,-0.5106611796082389,0.5052267208504279,-0.1120461332671834,-0.1218004510795108,0.4712206769597089,-0.364799840325956,Baja
-0.0051070175645387,-2.3088188763015696,1.2680897741439603,0.0528720431374569,-0.6425800795788307,-0.2765431258804363,0.9384057190301768,0.5432738012368901,0.161313798430666,Baja
0.8059203800513048,-1.4161691284409457,-0.3364551746666931,0.7000439750228055,0.4096580004185766,0.5031682893944479,-0.0190266089032805,-0.0307797418003487,-0.2520030764856665,Baja
-1.7273938781817846,2.2774553813271483,1.2222281153876722,-0.1644038206520305,-1.0261194514255287,0.5154050560143124,0.0306820349676872,-0.8013980328564981,0.2673135732219999,Baja
-0.5903885939805777,0.1870588266401713,0.6418246412188926,0.2036973716531927,0.294569055051985,-0.0378135752101157,-0.1687394723896699,-0.002004400216991,1.0298109933495998,Baja
-1.7829999544089927,0.8830724950339933,-1.1669711102049571,0.5262313315201794,-0.0035968911655393,-0.9221115368168452,-0.160946150756408,0.3284227540238686,0.4615186876338755,Baja
-1.6042216122215194,1.3334830829327882,-1.6737726740437822,-0.1511178017943479,-0.1379821723110175,0.658200228987267,-1.1341486879401703,0.2357766737703944,-0.1493989698338781,Baja
2.010451801034569,-1.264571266646933,0.1080156829977225,-0.8073760732699952,-0.7105822127403667,-0.1668039343230463,0.6567311974573438,0.066745986678509,-0.1468017460844039,Baja
-3.434876517745253,0.4077073851167346,-3.655316239178704,0.8568421782803628,1.8267393529509253,2.959677472647197,-1.928115311146375,-1.2455158164867166,0.3010101892907118,Baja
-1.309847711744907,-0.9940466244625228,-1.1051641164988375,0.2540918764844281,-0.5895661915210283,-0.9257998596444827,1.2190431656279377,0.355631320570101,0.4328051197328432,Baja
0.0563105162261051,0.1677283774673302,-1.0620243930007491,0.5910808013692282,-0.4195488911642341,0.1395191914269296,0.6886338834483156,0.783893432942488,-0.2303802503675052,Baja
-0.0201728587175204,1.3668136410235547,-0.1307165581129274,0.19908754220189,-0.9718575487166448,0.752978333481593,-0.331909979379801,1.0735400725039907,0.8430435571557283,Baja
0.302494364417924,-0.2725976115047502,-2.2056182120504246,-0.3081753372069833,-0.0867639538012673,-0.5206905509353625,0.5797933916785627,-0.6145326917746888,0.1262361688114238,Baja
-2.2705179272769063,0.979791110924926,0.6279645647981426,0.6397700695340536,0.067735494780584,-0.8604076248977128,-0.3214869478050547,-0.4688758928813742,-0.6122480550635887,Baja
1.9619673496488672,-0.4748937760397236,0.3038300430668018,-0.6889630434019147,-1.1621398238403302,0.5266607389143312,-0.0032628677920597,-0.6352824693535557,-0.4552829985528925,Baja
-0.7131153101441783,1.3124219528238488,0.1819926033932189,-0.2514347449714198,-1.1170023000990523,0.4269664756240299,0.0478672445186352,-0.128608020679759,0.3935351785253044,Baja
1.3775382711809372,2.8177071996057155,1.5110267725921624,-0.8216993296585808,-1.835884154499653,0.1765973811762435,0.2761718197539995,-0.6681351987751194,0.4975505070624256,Baja
-1.6382048567558547,0.0740750310945735,-0.6837406383607815,0.5128742931672882,0.2548145583685555,-1.193872992230094,0.0087813567550503,-0.7168746270094107,0.3542928262449801,Baja
-2.2391736674639304,1.7592747458710143,-0.2792514664590754,0.2724986986807856,0.103498260004107,-1.2432796906827446,-1.126603523433921,-0.8488529131158274,-0.7813735807172707,Baja
-0.246835554042012,-0.0662151774106681,-1.456389930219193,-0.0963603639407985,0.6470855121792407,0.0874946667637066,-0.8615923398036569,-0.1253817929335455,-0.0300494508086402,Baja
2.4573808887851154,-1.350131052560812,-1.149211505181427,-1.4465996962299656,0.3644615840017681,0.8875283971114666,-1.102351364870122,-0.6645378403889765,-0.0928300085451882,Baja
-0.7595697447561697,1.1009420124914209,0.0320360767295107,-0.0425947152745076,-0.7366957652817511,0.1267308231572823,0.0405191693249756,0.2582971932540754,-0.5637191480548444,Baja
-0.2059845365314425,0.967949180345114,0.4549638139762793,-0.1345860479628917,-0.3388534721838353,-1.5313814772643666,0.4138186123352647,-0.8906255252269851,0.3140165148731988,Baja
0.8385906372185913,-0.8382118786484992,-0.8383313190052063,-0.3288153109864742,-0.7657064444484513,-0.271571260861049,0.7255680836815556,-0.3609795157388569,0.0955305259156035,Baja
1.217106655590649,1.2017876376781251,0.6115210686999374,-0.6775051210783105,-1.205996892812893,0.3628744320595131,0.054411426095065,-0.1555299372411724,-0.9274274014746744,Baja
1.0731813262855343,0.2491069105364256,-0.8756708537382553,-0.6661133232079073,-0.3373853801947671,-0.9738896820296734,-0.229307135890059,-0.906394784475534,0.1823355512046513,Baja
-1.849591020198455,2.0196247781633567,0.1057677381835374,0.3940562132407971,0.2793476017885178,-1.234623422897538,-1.3308563537115392,-0.3640980065937479,-0.6340250209452146,Baja
0.6988356004849188,1.066502786429052,-0.4367112029187001,-0.6273962252026858,-0.3438955837360866,-1.02258204495211,-0.5164217881166631,-1.215526761562454,0.5186338169205574,Baja
1.7442200184530443,2.853124545152745,0.8870051964082578,-0.4931444025483976,-1.4200271670760936,0.6042072264781938,0.019863243324129,-0.1275904472711722,-0.2787641613033434,Baja
-1.059404823954783,0.1364200706581989,0.0207128720995741,1.0021159633744885,-0.6886091224568589,-0.8231490032861041,0.0254478831390027,0.8185900704343382,0.0524212890964094,Baja
0.9478565718357308,2.77390404680019,0.8981031675130486,0.4167784703580339,-1.6414997767966244,1.1541132394211246,-0.1639470877088701,-0.5922222224115308,1.198925872065923,Baja
-0.1568036284267801,0.1413039028434883,0.5210587750660879,-0.2253571593713032,-1.1641304158449228,0.2588330054139898,0.3862009858471021,-0.2738895968465441,-0.796984654590741,Baja
-2.4510259784936577,-0.7006939457485454,0.4141420309433753,0.194455671593791,1.2064141656830658,-0.0510383226913468,-0.3262475338348622,-0.588935800301972,-0.1061355224289518,Baja
0.9860423937377696,2.5097037907074373,0.4511332089965853,-0.5488999090619783,-0.0140867160851164,-0.2267925781237772,-0.5841518120108645,-0.6531710017567287,-0.7373945008563885,Baja
-1.09439551640609,-0.5142526195820455,-0.3163363416288738,0.4679232458596151,-0.4684754222143807,-0.5026568485025759,0.5489411315091572,0.2471682310260367,-0.0923447671609231,Media
2.574841530836389,-0.4356326886236269,-1.6355972444849445,1.2548211110222427,0.3289882833263958,0.2158474297369202,1.3603814170807007,-1.0382340055968229,-0.4360400575267954,Media
1.451287734758834,-1.7334245008634834,-0.277503396610699,-0.1083930759455719,0.2777483721548664,0.1795057531441232,-0.9071212908174962,-0.2087875670666731,0.0217634249553717,Media
-0.173321726961994,-2.575645472961961,1.0969296610009904,-0.3758570707874014,0.2826988495041004,0.3911541562666507,-0.5219413837956199,-0.2806515051216906,0.3589489422247369,Media
-0.967409206574789,-2.841783691644187,1.905069440878597,-0.7342436510648942,-0.3280201773524892,0.1635243723413859,0.8539288096190091,-0.3048817360029823,0.44597624769164,Media
3.0628234512493244,-1.0873878493768665,-1.3073314816984107,-0.4442448062980345,-1.2426091563815242,0.0451026917406413,0.3490550694283433,0.8770014597580448,-0.4498658378881238,Media
1.3582810094787556,0.0376436084600166,-0.3981299474235903,0.0623295188163202,-0.2338917238349212,-0.0119727298765706,-0.1233706950961485,0.808235979444866,-0.3616165555462994,Media
-2.625341262283609,-0.7198993017826513,0.63081566628377,0.895436116763599,0.663370886555273,-0.4801528031615639,-0.293399742362544,0.1794246757388779,-0.0979870395617344,Media
-1.1698974635171424,0.0560278183544379,-0.545131749593167,0.1086424649383395,-0.332878572936478,-0.2971005396402885,0.4682908670466593,0.3577577177978795,-0.1705741335297536,Media
-1.0025803599953695,0.4712349032023553,0.9036170976572616,0.1705267954429732,-0.6509459220598479,-0.255806396833516,0.1874112681827484,-0.1019175117677132,-0.553805327810103,Media
-1.5611171524589071,-0.5390383598932518,-1.0207517304276836,0.3413064679236366,-0.1141326850876854,-0.7988390336974762,0.6844844393721673,0.7995276736011909,-0.1733409092933034,Media
-2.321169062042312,-1.0955306962829996,-0.5598877039407956,-0.0268505363513749,0.8599250142061307,0.2842420345210583,-0.7334648085214343,0.3018133825905393,0.0319716916697688,Media
-0.3482770906798721,1.0931801674594288,-0.9364343749830504,-0.2809873836494484,-0.6935210002209995,0.6168466264534533,-0.1397049561611521,0.3382648301108019,0.8111583446404105,Media
-0.3482770906798721,1.0931801674594288,-0.9364343749830504,-0.2809873836494484,-0.6935210002209995,0.6168466264534533,-0.1397049561611521,0.3382648301108019,0.8111583446404105,Media
-2.358612437533983,-0.7660286413114341,1.3723114774776577,0.2038842937935967,1.0399190831462148,0.0889802915634758,-0.3806055468274486,-0.6772855257117724,0.5500077745774175,Media
0.2064852537176845,-1.941170323813488,0.3553715025822776,-0.0723206018305991,0.344209503963157,0.2565910599859371,1.1238436523597122,-0.9575606003341848,0.5571220074366956,Media
-1.067351912655018,-1.536483737137854,0.4084321331862426,0.2728320684555568,0.7299746371567597,-0.7738329297594546,0.6791802203020166,-0.349225571191837,0.6663994814643642,Media
-1.2902738760493582,0.6602833875428102,-1.3696014737520033,0.5097962865984256,-0.3446408087073732,-0.3223962625123551,0.2760536674440735,0.2550071901937332,-0.3416839300488856,Media
0.8574237867043696,-1.1686436359895835,-0.2482253005650801,0.21164611364318,-0.9784261036198412,-1.118040026754664,0.7775797835131544,0.2769975727188154,0.0728929725348186,Media
-2.9702847203434724,-0.657968720983727,-1.098312286059919,0.3616803068718449,0.5271871846657276,0.2942592663717734,-1.1181124214978777,0.1507276694092921,0.1181707069874855,Media
1.2860446803776653,0.480182676188664,-0.7414969753254074,-0.5390712877747779,-0.0015045581387212,-0.0531495821068893,-0.6130910388346582,-0.1958436894314186,-0.537001540758035,Media
1.2355750813927324,1.4715583892773734,0.3343754475269152,0.0431099230762396,-0.7051300452695457,-1.4980102402517326,0.3425744294299733,-0.4468531671774294,-0.3524379532511194,Media
-1.7264628119618386,-0.5289396648253244,1.649041383049625,1.0671847722479642,-0.0373678026515494,0.4885009942616124,-0.5052244581377708,0.6904856223887532,-0.725383682497224,Media
-1.4172650277678576,-0.3240139980866059,-1.057856650592474,0.1495027220922634,-0.400552566488767,-0.3651342130806128,0.7843353625676843,0.8227579861303279,-0.2595346232498948,Media
-1.5734238456755405,0.5335935570111481,-0.9275755104579558,0.4317082426734598,-0.2665268797647663,0.0798344913237462,-0.3461478589359389,-0.1208840294375302,-0.8971810213224436,Media
-0.8785553431477117,0.3811331862952173,0.0715531105732556,0.1551236580741454,-0.2336936611343954,-1.0731778517946746,0.7815642736251313,-0.0136541590448105,-0.4673431551988167,Media
-0.4431067939589217,0.9616085599718994,-0.7847360577478485,-0.3286859660757992,-0.66685296220946,0.9215613885974177,-0.2354044914116974,-0.2337540645488733,0.7417275528957713,Media
3.039569954394817,0.2103372284018021,0.8190292420628692,-0.7931557931129728,-0.3683510844689772,-0.8839509452934013,-0.5169212524847717,-0.3317967118514062,-1.020865993584628,Media
-0.7579614574366579,-0.7224766700301739,-0.6797314867847951,1.240179123224385,0.6205266094101004,-0.5179364247627373,-1.4050739553874287,1.0813092671793472,-0.114991691249183,Media
-1.3210454537764935,-0.7502107129176303,0.0088661032396855,0.3753822886750618,-0.2827845993181033,0.1709860969073032,-0.0674423134341731,0.6763768001762956,-0.5816120659574294,Media
3.0295732642657804,0.1502587179058683,0.1693849350989027,-0.6593745855308466,-0.890120457825366,-0.1476694992535794,-1.1549145302987969,-0.4205371320378764,-0.6140781603955313,Media
0.4278837920669163,-0.6813253727428648,1.66807682892477,0.1559047899226936,-1.2436511864269355,0.0059406543216363,-0.7702415184598901,0.5667154801325904,-0.3607423198620757,Media
2.160301781301654,-0.434670175013285,-1.6896395839217078,-0.9884629492245836,-0.5446288420480662,-0.2545670668964582,-0.0405367321454076,0.1368888347238215,0.2367732361682416,Media
-1.491802499543221,1.5115988815483117,1.0148356854184295,0.1530247626314096,-0.3206919196308683,0.6101731955570067,-1.0138729005697276,0.3188998531181913,-0.330990493198695,Media
-0.7734418863211809,-2.018559156211317,2.4652082041151337,-0.6152251020845373,-0.2050061393135469,0.4750590687740582,1.314812150196045,-0.2998363192913255,-0.1290108777493256,Media
0.413138351556827,-1.122021572627707,-0.6187228440616325,-0.1447931504325211,-0.0174918538083814,-0.6137892763566101,-0.4470243958474692,-0.0112879155343084,-0.0318085339906603,Media
2.296898025216404,-0.8855622292592836,-1.2156551658503325,-0.3117515784419225,-0.7922852946291417,-0.2128052366714846,0.2454130742383375,0.5312599649967447,-0.3032884569131798,Media
-2.727868210203589,-1.5711416061134562,1.6987570619003058,0.0298899279424363,0.853166782769541,-0.5314282467614851,0.1965545000034289,-0.290890208985487,0.0587423494129867,Media
1.403304132806665,-1.8671809701920803,-0.5095594901815936,-0.7826617815340672,-0.9996877325623988,0.7202499143274745,0.9021117363663588,0.0515713288950123,-0.3227904487227982,Media
-2.555004829328294,0.005669624310248,-0.902823441096233,-0.0387635183358194,0.9929254559070464,-0.0523561202366674,-0.936133835669048,-0.3332713440508976,-0.158701777095032,Media
1.3467202587788965,1.0770668240606671,-0.3602297481524272,-0.4512855206434383,-0.554717430947022,0.1913441081910913,-0.7849149198031222,-0.4312415675682881,-0.5792513906109231,Media
-0.3226625482558329,-1.7898474061138188,0.8188179257012294,0.1307195153704068,0.2036782474953796,0.0182729146465148,0.3773615542200431,-0.493616275938847,0.2771116875266946,Media
2.160301781301654,-0.434670175013285,-1.6896395839217078,-0.9884629492245836,-0.5446288420480662,-0.2545670668964582,-0.0405367321454076,0.1368888347238215,0.2367732361682416,Media
-0.2896017378934542,-0.3074538352098284,1.4816005948609214,0.5166592657837796,1.3881769186314117,-0.9914403544750248,-1.3356997056942348,-0.2624478406194442,-0.0901433556043737,Media
-2.290881826113298,-0.8011911263027811,1.284065365978649,0.1419642670588676,0.647215927730815,0.8729075355444995,-0.5616905485272904,0.3582195600080287,-0.4939308185891072,Media
0.1138885165579899,0.5349351753263858,1.98193591447862,-0.0005112925606839,-0.7968583023998465,-0.8590886176937096,-0.5516891204811643,-1.3961411539665836,-1.163962239573725,Media
0.0682227205729078,1.878884917113218,-0.3844600241084349,-0.4933270718927911,0.145742527268893,0.3258409177365337,-1.3811645989567207,-0.3232314011648953,-0.6537480951356378,Media
-1.512391247686186,0.2384534213564094,-0.5419396217873336,0.4378314561844282,-0.1736259863810226,-0.7301287846663633,0.0665930474382626,-0.0437490245265456,-0.4576095380255744,Media
-2.1589205824079687,1.120905245968687,1.9261650782662707,1.0919963508229735,0.1058451464916826,-1.3710204367292125,-0.8751155531442082,0.319737934969108,-1.20569624612403,Media
-1.4561289720032309,0.3117455941959778,1.124239407253501,0.4918767570728383,0.1937156359455808,-0.5064095609328646,-0.2310822122579037,0.079382186544804,-0.8087733939471909,Media
-0.0523447145722432,-1.7035736583207837,-0.0805657259766969,-0.2988776735283011,-0.3879511614318682,-0.2795315517053063,1.4108969257118138,-0.2230599673938738,0.4012397404612269,Media
-2.307898300820583,0.3812307874288438,0.5646533987821332,0.5738365226264408,0.0323738357586871,-1.0637228680884172,0.1017180746845497,-0.4121144107177608,-0.27508835787693,Media
-0.0006387445708375,-0.6747189623536074,2.065169392860881,-0.4109412490722434,-0.2593271117654594,-0.2066453152774376,-0.21206460609529,-0.3134809274377823,0.4046847293722241,Media
0.1638919668458377,-1.9511701180050065,0.4253224878141359,0.2356086591698529,0.0529196384740569,0.2784571283874605,0.6004210992629907,-0.3245431033790233,0.231794950898432,Media
-0.9760120539198792,0.6338282087235864,0.8795145471672988,-0.1886251913242113,-0.7018881737555986,-0.2922762210772001,1.068428721333265,-0.2279381495510462,-0.1002761764333421,Media
-1.4561289720032309,0.3117455941959778,1.124239407253501,0.4918767570728383,0.1937156359455808,-0.5064095609328645,-0.2310822122579037,0.079382186544804,-0.8087733939471909,Media
-0.5179055290212001,-0.2586433499079555,-0.3163941117476733,-0.28566989132381,-0.5349962988404626,-0.7496015324445142,1.240500665298715,-0.0465359798224079,0.6415210647457849,Media
-0.7822232011316737,-1.814658979504744,1.0739135000204103,-0.3402983789636033,0.2006242347620749,0.2435140933383561,0.5765574659306745,-0.0499593632741672,0.1893360281303952,Media
-1.4759785780219623,0.9435429362939444,1.1689772853903593,-0.1447578918052794,-0.302168438578972,0.0311182259891414,-0.0374809370845423,-0.4078177491427785,-0.8872795551365539,Media
-1.396618085249038,-0.4184508058539772,-0.3087931846996704,0.0374305294091378,0.3546703327316902,0.1452821183169726,0.0035777328620637,0.5428855208892439,-0.2160281080808955,Media
-1.2582725582131142,-1.517938373396977,1.0536989209963488,0.01012523501307,0.1676156621900022,0.712249081225134,0.001211722420904,0.0058994706633582,-0.1495971825768601,Media
-0.6801807050743349,-1.3618308128894967,-1.1675546751673949,0.1187970384894769,-0.9077925573764076,0.7586962526480311,0.5693824808040869,0.9833122316786496,-0.0829134499502653,Media
0.5933249533061028,0.2826823990335484,-0.5637549267897973,-0.7475186201090501,-0.979043598866568,-0.6410379850291335,1.4307024335676737,-0.2044832801719633,0.4961661856655543,Media
1.994840125282452,-1.234586548516565,-0.945328284634328,-0.0999200708331696,-1.089507443596209,0.6766866031526915,-0.3228651402576851,0.2534548883668858,-0.1401334412851061,Media
3.276642602709675,-1.143980424531532,-0.8894266914240416,-1.2480498672075806,0.090111934218927,0.2920693844363433,-1.065687040411207,-0.3348673047966193,-0.1008399332291145,Media
0.0682227205729078,1.878884917113218,-0.3844600241084349,-0.4933270718927911,0.145742527268893,0.3258409177365337,-1.3811645989567207,-0.3232314011648953,-0.6537480951356378,Media
-0.5791072839568481,-1.1153004623978446,-0.4183769597163259,0.2626244052170195,0.1820227913529578,-0.7659088576695448,1.30512363359532,-0.0330601427701058,0.1868034716065535,Media
1.8141879414487043,-0.4432074210051356,-0.0361701732617832,-1.2299816055535944,-1.3612281851901742,0.0346282823234906,0.5751013506431236,-0.1792262302500489,-0.3925537705733443,Media
0.7586193354212647,-0.4323404204683655,-1.0054750658387004,-0.8002709103519962,0.391330703886972,0.0735425447076378,-0.0219542616392157,0.2451022188192086,-0.2786599125147002,Media
-0.2272576660643571,-0.8828622484373485,-0.2500180553452948,-0.4389342680736638,-0.9316961236501702,-1.1849060126733946,1.3046519404726131,-0.3341618986251764,0.4258396590036307,Media
-0.3255985791890479,0.7878338119544426,0.583634787967041,-0.01471484328503,-1.004389501130727,-1.2513638903287851,0.5840335697524084,-0.719879430507911,-0.0447125609547181,Media
2.484278080715343,-2.1468170213977205,1.1761113915132622,-0.831540337988104,1.4819113975256837,2.026842832505571,-0.1729534859489376,-0.398547440973545,0.2278682220680647,Media
1.4108384045768123,-1.104526273370189,0.3758463981397286,-0.4300080488884074,-0.6505351022250669,0.6723657563765308,-0.3753650015329088,0.0216961596419159,-0.7656163248845229,Media
-0.5326234561043485,-0.1457385352341733,1.15118355031733,0.1369682388207908,0.0747606133036454,-0.4384513949115383,0.6562169855272354,-0.446825735062359,-0.0068901399116698,Media
1.1929363429119846,-1.4136256636433515,0.7376174409604779,-0.1831813499457263,0.0006215836475702,0.9033717107815624,-0.3985982260886561,-0.1839470564253778,0.203087960998994,Media
1.9386293864984023,-1.930612597637175,-0.0821001815456932,-0.607196540839442,-1.1558784151882722,-0.7186674030260419,0.524088231964922,-0.1664086267243714,-0.2270389612260711,Media
-2.589107289006481,0.6441375869060598,-0.8121556411862954,-0.5951400445673447,-0.0237983993023328,0.8022947202325178,-0.9572791707505542,-0.8521286495617848,-0.2053109626944383,Media
-1.0442841168568402,-0.8368813276043694,0.1186467073407775,-0.3184764698402916,0.4318452970034547,0.3519286004618264,-0.2747825465702509,0.2091359420602657,-0.1079353955760323,Media
3.344700834615578,-1.178111771790988,0.1446664359170867,0.0389801396810114,1.03039104727959,-1.749690037736352,0.1804730699725514,0.2763267055537567,0.1685625114583982,Media
0.913681280316434,-1.3788329884582686,1.3333066227807433,0.4031582980637676,-0.5812949957142466,-0.4900320102124443,0.3843514665517294,-0.3836625169135095,0.2988486017975779,Media
-1.4717802583067567,0.248080836158464,-0.7547132708614059,0.4707705039882793,0.0525228797853822,-1.0699379348219764,-0.357367076969056,0.11726845351799,-0.3384556437183381,Media
2.057113667989936,-2.515957643335857,0.1611359476213715,-0.545016285921146,0.2022223593829596,1.2431746771191163,0.5474240714833781,-1.1931067229883554,0.1016398700029233,Media
1.3366286349344338,-0.4651257466005443,1.9417418954336143,0.7915914004278752,-0.4656860683604036,-1.442519528866356,-0.7899153181468898,0.2053778959049276,-0.2921474491443638,Media
3.8471823889858174,-1.241586432038136,-0.901537277826357,-1.1462059406218317,-0.5320533079381523,-0.7740688903327327,-0.0085607238504317,-0.5626769854066309,-0.0870887621443139,Media
-0.9724725959604784,0.7980400836598339,2.8488948664770155,0.1483195288674315,0.0798928371220434,1.5505276230798573,-1.4689796774830548,0.0221443029782118,0.222574777673975,Media
-1.9725361028974056,-0.0918595199659441,-0.5232279802632265,0.2691284771625029,0.1316208395698068,0.0633012733219129,0.2726913846553971,-0.1401487439013995,0.252067691038499,Media
-2.291779334040897,-0.7720109514074242,-1.1529077154770262,0.4476136277992101,0.8594775893080117,-0.0875146173748399,-0.7527792476665386,-0.0017552339332921,0.2155991474368599,Media
-0.7146134190792052,-1.672000802529768,-0.6846833934137434,0.6718581519756858,0.2757461284956016,1.3122462631689398,0.4312120877187042,0.3723074616329347,-0.2756667056827293,Media
2.357672633178444,-0.2699760093806798,0.2434886966894038,-0.928449982166622,-1.49914906754695,-0.1310172232491178,0.3442904942717156,-0.4553749946174513,0.0915765780085045,Media
-1.0002319849912464,0.161006743075065,-1.2886904167742854,-0.0387203879544545,-0.4850243617362454,-0.1133578876718131,0.1583823598044538,0.2464034568450914,-0.4960728742630828,Media
-1.8585459438335656,0.5603880635366533,0.2887830055903146,0.03633067682668,-0.0247287495416037,0.0526265097834304,-0.0874886640525397,-0.0783695751524769,-0.95455031891509,Media
-0.8436932927981634,-0.2370061648422665,-1.539254175150225,-0.1558790266841881,-0.3635770626476938,-0.3722685136737789,0.6239909717618328,0.0345490302972577,0.0508308027533722,Media
-1.6400492826238453,-1.902342480061824,0.4248404898756686,-0.1386287990622078,0.123622611095655,0.3111083703266651,0.272655864748959,1.2018681165494522,-0.1419594435185099,Media
-1.9085880544912843,-0.7625046861681906,1.481470604875938,0.1653642817389409,0.3238494502454461,-0.3051053653285822,0.8692528343087217,-0.9680770533204632,-0.0022843131043471,Media
0.1786554068751351,2.0362344461466173,0.0831102341933092,-0.82536860335589,-0.833806927702793,0.3738693061971024,0.2229435290319786,0.4434711109680335,0.9330577183036618,Media
2.278403519983947,-0.3155000913366063,-0.9589325700257296,-0.852984812272511,0.0027690062616146,0.4830798553728663,-0.7843429619217385,-0.4341098481185609,0.1845573303323663,Media
2.850826547529469,0.4767165178587858,0.463804230882082,-0.2571087672705762,-0.0921496875056929,-0.8235950585121932,-0.642779840766277,0.2543867129144002,-0.0914204601057001,Media
1.5030588284989588,-0.3473126078373253,0.6256360150104175,-0.5325225190055561,-0.3620441546341795,0.4148137155793321,-1.1626217953968845,-0.2688469092406598,-0.3290691418599543,Media
0.813833537368729,0.4685771981393139,0.4208440700516599,0.5936250699637177,0.1888189114537282,-1.3928507424815155,-0.5144811968439903,0.1209408199665641,-0.1023697866503521,Media
0.7756812448018346,-0.9763317988708514,-1.9626135731124847,-1.3025019565942113,-0.732431965144151,0.6103778181479418,-0.2388690510565987,-0.2285200827483889,-0.025432271609016,Media
-3.250324236879787,-1.2830130386329486,1.3760058891302351,0.0927409780591573,0.7641137112123713,0.2342068304451019,0.1214669450100634,-0.1829338881917553,-0.2039947948091957,Media
1.121407946739617,0.5783470339096629,0.9815451466771926,0.3406207187600819,-0.4739303562559726,-1.197773448557654,0.4869333807783297,-0.280422715509959,0.9993407025903298,Media
3.0628234512493244,-1.0873878493768665,-1.3073314816984107,-0.4442448062980345,-1.2426091563815242,0.0451026917406413,0.3490550694283433,0.8770014597580448,-0.4498658378881238,Media
-0.1323616666087485,0.3824261317874934,-1.058248548775676,0.148641452459857,-0.394018048185146,-1.3621292590603278,0.269308609473316,-0.3272830820309962,0.1498491365389259,Media
-0.2905751605828074,-0.0175357444802509,-0.5860666681118906,-0.064497231367542,-0.0489613508982207,-0.180479056165939,-0.1585586721760786,-0.5016447492256491,0.5715972842506002,Media
1.6028056302568288,0.7308131017840117,0.6251558739179011,-0.5755982868883605,-0.1152667123194763,0.1139018050088552,-0.2719655418419674,-0.0844832224485513,-0.3587931705877343,Media
-1.1092669661590813,0.3521196037572852,0.3632582803885861,0.0271166944415793,-0.3457289754482321,-1.7248144491049604,0.7345055027333564,-0.8082139219331719,0.1115665730382955,Media
-1.2462827370256542,0.6433141869665396,-1.4712553162808764,0.5313322964697959,-0.4068203933680462,-0.4275738814101213,0.3962888768536455,0.3214686152991837,-0.3026849488131052,Media
-0.1323616666087485,0.3824261317874934,-1.058248548775676,0.148641452459857,-0.394018048185146,-1.3621292590603278,0.269308609473316,-0.3272830820309962,0.1498491365389259,Media
0.0959828282713434,0.4891473428806025,0.5559887296376612,-0.1083940600023673,-1.1512262851455413,-0.6636374555184947,0.9618412582444708,-0.2846686416797055,-0.1060001533438137,Media
1.9889514153940624,-1.2395024171832918,-0.8186576547759205,0.4565229364530699,-0.1854683749268661,-0.7266875847283372,0.1096984666412618,-0.616245636890687,-0.0244815142292612,Media
-0.1193052819369767,-1.6959520855888612,1.8614604675113884,-0.0600590030539812,-0.9729351157293024,-0.2156561723651193,0.6907403477901156,0.2196368409843919,-0.2627571020574369,Media
-0.2801224743286019,0.5158699249426564,0.6054527356858873,-0.3389203171956728,1.4183237276680063,0.365746943434087,0.2889745104647291,0.678016509202196,0.8456276052349102,Media
0.1708101059771826,-0.1887446632965971,-0.1209344175493477,-0.4164708825471666,0.4030278761187625,-0.6558308658077179,0.0636200470445108,-0.851437058421665,0.5753909966529274,Media
0.4545763626731364,0.7056693191767942,0.7702542297973519,-0.0302816693280055,-0.6149603964041515,-0.6759241946046304,0.717917042298817,-0.0265071486512981,0.8733453167973724,Media
-0.4269747519493946,-0.5366902059458013,1.628955197700109,-0.3917159461089978,0.4504820910375642,-0.4961536449915529,1.189132265707142,0.0421756797835943,0.4043089820123426,Media
-0.1264407385356921,-2.131035925073864,1.2614420144746834,0.03364912335877,0.4357927358038617,-1.046636911795571,-0.1736937020980674,-0.1364437734190007,0.638702263306876,Media
-1.106788750647467,0.1240429146377299,-0.1181394557129857,0.1909474734078804,-0.6174040913715363,-0.4625071147833586,0.5069102194366363,0.9549752493223486,-0.4431188420032602,Media
1.451287734758834,-1.7334245008634834,-0.277503396610699,-0.1083930759455719,0.2777483721548664,0.1795057531441232,-0.9071212908174962,-0.2087875670666731,0.0217634249553717,Media
0.4562351642572353,0.2190449856399388,1.673505772894024,0.380881530975771,-0.2062725440187701,-0.2797228525930796,-0.3674642249727788,0.4057389589942337,-0.0247828248825029,Media
1.3236222175183885,-1.0061838364759716,-0.4464639863699448,-1.031768391628816,-0.530347989823226,-0.0369394550526801,-0.19784605508467,-0.4806717028915917,-0.5098008332196745,Media
-1.4426813341842533,0.8783725612383544,0.2972531701234387,-0.17723562582989,-1.1669475043965325,-0.4323162484808271,1.180367432960472,0.0597616959669604,-1.0018341962012316,Media
0.6262615197094179,-1.258250817444173,0.1255371987917511,0.4602336256481685,-0.8152216763826424,0.0077886561285829,-0.0335992416525511,0.3560326298018965,-0.0448888695012952,Media
-0.693203282531954,-1.7542766038835031,0.0929576032572704,0.1086588056413307,0.4231774119315363,0.542411426808163,0.3150652425755539,0.0855461680678791,0.1558297003379011,Media
0.4733411946802038,-1.915130515782901,1.5282545572744903,-0.6057862213216235,-0.0727401556084882,0.6904864220644027,-0.428162829543789,0.0001125542957712,-0.7874764173881991,Media
-1.2356175152987348,0.9253456053194176,-0.0093091879024471,0.8219945769865201,-0.2378163128597812,-1.141263148621691,-0.6084718128899589,0.4344545932188716,-0.7686872637613339,Media
1.3535420623964547,-0.4548103150215153,-1.294546615723271,1.1294232866716398,-0.1036633034574264,0.3092016728752119,1.0527998621248844,-0.927178343373326,0.3405551668603721,Media
1.333294824345473,-1.7879599046262449,-0.1706949186949608,0.0295933081216226,-0.4568775986330133,-0.0678187521651405,-0.0067682999418706,0.621380248873729,-0.0013352670467686,Media
2.958256890895628,-0.9539421625700928,-0.5380471466799611,-0.549034603859169,-0.05405474431243,-1.0288081498607655,0.3295049186407863,1.051445865849281,-0.1993753035374366,Media
0.9486604692518498,-3.1176873924983144,0.6284849629499846,-1.1180306359725314,-1.0191063546114794,0.9166789140150942,0.4028731416638059,-0.1551477475364776,0.1094447678073211,Media
0.3641478261655919,-0.0628016861091374,2.26119770637708,-0.1977223450851895,-0.0339895420048228,0.1031416593801582,-0.7552937381704404,-0.6295784694601855,-0.4766170207840099,Media
3.0497334294455376,-1.7078518700957508,-0.0513321016314699,-1.0119493794065455,-0.4238097097059297,0.5144732443841016,-0.6850702548671412,-0.2940954781672275,0.1691018077679509,Media
3.084493398838639,0.5270151151515501,0.7175390558262832,-0.851601647033522,-0.8066197823390576,-0.1847065932707571,-0.858530853585694,-0.3237508056474039,-0.609078224651383,Media
-2.6707163972826624,-0.0869536658467331,0.2936664694467623,-0.5982879912844689,0.0676734644876198,0.3464896805330231,-0.3238962490059493,-0.3157627329572602,0.0052890458663639,Media
0.2029109509075826,-0.3098345653585881,1.8266985582591624,0.0934738180753942,-1.0978749780957104,-0.0297850884510141,0.0853085387311829,1.3021791575282184,0.172613424448267,Media
-1.1575180130031344,-0.3740391770796878,-0.1253776414009089,0.1820104388023383,-0.3817868045960025,-0.0730862308164541,0.0373016884869469,0.1021603848988653,0.1973905959493475,Media
-0.9556226290004762,0.4699948221028392,0.9172839414935434,0.1322273641529264,-0.4728807140727807,-1.8064822617555765,0.2613818142659955,0.2598557684072993,-0.2783492412298384,Media
1.0138880616660433,-1.3821479289571597,-0.1957321692296735,0.3292493406315359,0.2709527394298353,-2.1263636294103323,0.0561550962708362,0.2230403834812949,0.3864438449538638,Media
0.6936194530089003,-2.4769959383789324,0.432999253493799,-1.0801545219524509,-0.2655684353297036,0.7430568395105076,0.1655736053717998,-0.4387854221549883,-0.0803606864657673,Media
-0.1853558798641939,-0.802273631426378,-2.3285671718234826,-0.4196292200613459,-1.1320173081410758,1.207149364398345,-0.2862603307952885,0.6476440302034671,0.2462286033268757,Media
-2.402657544287402,-0.98044081408061,0.7875794763319491,-0.0911431331160006,0.0169404806431203,0.0826624478315732,0.2003100290007113,-0.0850579282657381,0.019200508703798,Media
-1.393099395196341,-1.7127285323516348,0.7870257982237988,-0.2343854188778679,-0.1765286379771421,1.2208224076934566,0.9366486524816466,-0.177153742439959,0.5439247984660447,Media
1.0391845490067757,0.652502750689621,-0.7810327301696306,-0.7467169086630945,-0.6455895998671347,0.2047574094997698,-0.4878319575222757,-0.1603873366828846,-0.3759322802643451,Media
-3.606249408103293,-2.221601041182071,0.5602720667808407,0.053437009735084,0.6003560913419442,1.4465650609706853,-0.4719362671176762,0.1437046042321329,-0.1021665541631245,Media
1.994840125282452,-1.234586548516565,-0.945328284634328,-0.0999200708331696,-1.089507443596209,0.6766866031526915,-0.3228651402576851,0.2534548883668858,-0.1401334412851061,Media
-0.956888109166938,0.3490633132135866,0.682007292667707,-0.1106574166259276,-0.6508934394135559,-0.3336340320271673,1.075586524875602,-0.1536229301814146,0.0745169808313694,Media
1.61212625543141,0.1578370906370618,0.2063166781722111,-0.536131124836615,-0.6905647786728272,-1.1310749208445583,0.2118954744692029,-0.6466102223019015,-0.3694416232481516,Media
0.8721773454455296,-2.321492999679496,0.6517426724104787,-0.2284853315280673,0.4533967034551009,0.3313808250009727,-0.6058762532320064,-0.2760673854004504,0.2051130829722556,Media
-1.2462827370256542,0.6433141869665396,-1.4712553162808764,0.5313322964697959,-0.4068203933680462,-0.4275738814101213,0.3962888768536455,0.3214686152991837,-0.3026849488131052,Media
-3.5703028281936624,0.0937810995946431,-0.9993990333751868,-0.2664594733081993,0.7287276725164136,0.677136096325219,-0.9802270599294634,-0.7720029392525076,0.1645288180016373,Media
0.6161476818568979,-2.2286568584372923,0.1963575963915738,-0.9719383260787992,0.8636739252978658,0.3527726547479475,-0.3530143986526878,-0.526873451915148,0.1197577250414295,Media
-1.8235123577237573,0.4177155919042413,0.5017732464620414,0.3811658761174017,0.0672657196100748,-0.094887603557651,-0.3904921609463982,0.1912196281129728,-0.8561123254338594,Media
-2.1795215533254573,0.3731589071636608,0.4592108458914251,0.0700247161097563,0.3626110274214556,0.1561487965969164,-1.1071545794190985,-0.3648240983251696,-1.1701063840377668,Media
0.252529402635341,0.7022306376835766,1.8604010983653905,-0.0406865377748071,-0.6747044052947762,-0.1377433210438402,-0.1901119481476256,-0.2461036738066814,-0.4182651225710293,Media
-2.323915270629064,-2.129484182780222,0.5737770167262662,0.7765260575582326,0.5726417490280336,-0.9793576928045188,-0.4198729951502647,1.034190384018422,0.1622509478623995,Media
-0.6217232722204243,0.1759200389055032,-0.9642320055395686,-0.5449426700988675,-0.5312422853393566,-0.2796101520949838,1.0984238629756775,0.4694614544034573,-0.1282602266864129,Media
-0.285295917772868,0.0583134596677216,-0.2666267468024818,0.3837883893673283,-0.1142584153823979,0.9787766161238952,-0.043069627269185,0.3309894071585659,-0.4179848204092004,Media
0.7116932898941282,-2.1128978019879225,0.3134573234704288,0.1416378369063941,0.1424021255593411,0.3516928520856836,0.7458683017277101,-0.6825684072108007,0.2081365795444552,Media
0.834822440359896,-2.479922414326653,1.0062035272151728,-0.2722416835064472,0.4817519822799527,0.211954869437496,-1.457421821022161,-0.1329637417547777,0.7734903357489803,Media
0.4105731531491083,-1.2642007803830753,1.3392440036275768,-0.2760203557634728,-0.6139710306777143,0.5368963251661005,0.9134986656732996,-0.5169239673354714,-0.5497301077990725,Media
-1.0025803599953695,0.4712349032023553,0.9036170976572616,0.1705267954429732,-0.6509459220598479,-0.255806396833516,0.1874112681827484,-0.1019175117677132,-0.553805327810103,Media
0.7138776983868694,0.7223214787999771,0.3325320156240227,-0.8860853181964273,0.0781024012692639,0.0499588482730033,0.3688264207188708,-0.8442686712248384,-0.410172646257462,Media
-1.51075804246395,-0.5303967868052168,-0.424414782711299,0.1359055342405893,-0.3740980659873247,0.1195489328363327,0.3617704893213727,0.1917553591967072,-0.4794962495520533,Media
0.2609846247196434,1.2169336998498532,0.3790495747828507,-0.3957101197559458,1.1350525097345352,-0.5227728882496745,-1.5508831021245693,-1.307792758628629,0.4731329570887674,Media
2.8257145394475685,-0.0720652606891658,-1.6197737790924738,-0.98583893027628,-0.0923203693287444,1.28694667613095,-1.6694084589178306,-1.0048393982315538,0.1155638173340713,Media
-0.366124763582181,1.4244814363827338,0.991975825907052,0.1396779234925848,-1.2025844430695327,-0.9698098516078704,0.3620771616956785,-0.5428978499566781,-0.2188008053105713,Media
0.666993830232045,-0.8131841070206013,0.5844559941809655,-0.2125864197074295,-0.3865884064601256,0.3835080822322428,-0.1597212298876872,-0.0951647308809141,-0.3792573336613631,Media
-1.611656867555412,1.3626049660125277,-0.2876572195044321,0.0985341919098783,-0.4876027227932395,-1.008624983339134,0.2345064257348571,-0.77738343154785,0.9611794003929808,Media
2.31650236334156,-0.4009406089911352,-0.2548350863378296,-0.8150755602028904,0.0077882491368445,0.6878891182139364,-0.9388502455070104,-0.8153102781950138,0.348062114944394,Media
-3.297015397902831,0.6580977051271608,0.7987492852396804,-0.6197923110518783,1.4834462175918988,1.028738312751267,-1.046971343779206,-1.133534063327091,-0.2420150850983495,Media
-2.152743468563524,-0.9481381600672938,-0.1095371812832066,0.1979776773237391,0.5249398439629587,0.6133238408229591,-0.0473286621602089,-0.4124278637319438,-0.1611755520884383,Media
2.726795219124862,-0.660207184363607,-0.6691553963782052,-1.2651555984740972,1.492744805038193,1.1429060017339503,0.0014762485207857,-0.4227051723021506,-0.4927643893356381,Media
-1.203429870634556,0.7102248197620697,-2.6533585423100985,-0.1083220994163119,0.0058503164218648,0.5414592407603436,-0.8696105718704624,0.449414007925862,0.4441612082065718,Media
0.0764490129609724,-1.1035911266919871,-0.823383575677265,-0.5281290624816111,0.0743926783404847,0.1154729602717942,0.7686016945471286,0.5154681109422213,0.1831266959524244,Media
-1.3649561190483297,1.7724328640410798,-0.5252018067164619,0.4174521641220063,-0.9770563385287424,0.3600612590247858,0.1716931628017894,0.0995810108367102,0.308183921944979,Media
-0.2192993025145476,0.2112138614718572,-1.228569618394909,0.0609215421164906,-0.731632426849705,-0.5061963527396377,0.3963436262988077,0.2846116210214059,-0.1423424064696874,Media
1.3535690004895953,-2.046293806791561,0.9029670183007618,-0.3044518329352894,0.1322338498490831,0.282113735235963,-0.5705377830647214,-0.1387433298002796,-0.0500928177534916,Media
3.344700834615578,-1.178111771790988,0.1446664359170867,0.0389801396810114,1.03039104727959,-1.749690037736352,0.1804730699725514,0.2763267055537567,0.1685625114583982,Media
-1.3969420779978996,1.4979880282474989,-0.4530497458587782,-0.0044095903032906,-0.0757869604337617,-0.6803262053283923,-0.0376321905433819,-0.0672898407317163,0.5619044974856517,Media
-1.8585459438335656,0.5603880635366533,0.2887830055903146,0.03633067682668,-0.0247287495416037,0.0526265097834304,-0.0874886640525397,-0.0783695751524769,-0.95455031891509,Media
-1.6881776290301596,0.466317186452908,0.3005277652767475,0.2049311343205133,0.0423920328642502,-0.0224065307993999,-0.6069039754566908,-0.2660469851140655,-0.908388634565305,Media
0.6747693401773143,-1.2618817279740158,1.975008502817275,-0.1698326438993938,1.4898611551387722,-0.3214430933407842,-0.4223380714448532,-0.1870836100597065,0.2100151861807656,Alta
2.018446985759985,-1.721230868333731,1.1805167644825465,-1.3719909431304438,2.7828840134745474,0.0910323207368732,0.0562602671277183,0.7670359827540207,-0.06678320519114,Alta
-3.6357401688024575,-0.4458648095074207,1.6001691146762558,0.9013662653895228,0.6539682117074439,0.9018236716233612,-2.0143688233322408,0.2415893823314846,1.479097686068075,Alta
4.411857544621929,-1.4448112356832048,-0.2970216396392856,-0.4862492378957676,-1.1668599917637044,0.2161445614932364,-0.3423951772511409,0.8227378046483683,0.1569427674995643,Alta
2.367055385715295,-1.6462128175883783,0.5330150406501143,-1.595421126489294,2.597364530439683,1.3324066030056934,-1.1032030238718538,-0.8301191850547346,0.3949053990572835,Alta
1.9266536124691047,-2.1830171057239487,1.1891358509293175,0.2772126808055412,0.4910010665459264,-0.0442312495978187,-0.2190496084143345,0.6662635779703197,0.2409263425432167,Alta
1.945926563861276,-1.889252471358224,-0.0102481817613075,-0.8149172147831292,-0.1587330132311036,0.2653122431515754,0.104040440420371,0.06679336613626,0.0637282395048057,Alta
1.945926563861276,-1.889252471358224,-0.0102481817613075,-0.8149172147831292,-0.1587330132311036,0.2653122431515754,0.104040440420371,0.06679336613626,0.0637282395048057,Alta
-3.533417580745044,-1.8282777186098496,3.4245525475124,0.4524509151497289,1.1151187550621318,0.0546943286465555,-0.3264485906421919,-0.9163312161515932,0.5749405615954455,Alta
-1.9106256098674,-0.1692684427001109,2.1270165811465227,0.0716922401837878,0.5252062453288223,0.4373025162479274,-1.2511629731795382,-0.349902715861642,-1.2015512235224133,Alta
0.4595406454946292,-2.6099517492767506,1.179244692193172,-0.1569821412943117,-0.0171091687616643,1.0032260153178407,-0.2623654307343702,-0.0598555894477132,0.1541333579019972,Alta
1.5982743956777694,0.1105598135879834,3.028545396032236,-0.5159800894940915,-1.771448471856689,1.721103144291915,-0.0235802269419885,-0.0283331785308834,-1.3249028209901308,Alta
-0.8209706342632734,-2.4823449953682,1.527007416685562,0.247673685110042,0.6580552083510373,1.898059658959501,-0.4123161767255602,0.6710564645476916,0.0203616273919646,Alta
-0.1821042633152574,-2.226636612984517,0.5566503551372382,-0.0330756542785153,0.115001843795124,0.0889545948091626,-0.1076066578053529,-0.1786482789185569,0.1791411847215812,Alta
-3.532439147622213,-0.7337271023176876,3.916680354498772,0.601691818018378,0.3154949255497864,0.9513780323535987,-1.2165783230831042,0.4241640522199079,0.1149397579962555,Alta
0.6559932312920338,-1.776413070422187,0.4305892203288053,1.5282398972748028,-0.1111502783464527,-1.529350849665759,-0.251359442507244,1.7949170839206574,0.4317343387278459,Alta
-0.3735415247996593,-1.329776982371898,1.2048649139053902,0.2055180022371066,-0.3372936596458966,0.0784581276910994,0.0455059696524003,0.8328124887171645,-0.1511685238721523,Alta
-0.5006129536011934,-1.4238579887749248,1.2560624931648643,0.3213334888775592,-0.448298687927824,0.3716182972589746,0.3258281112478111,0.497163308392258,-0.4680669957801976,Alta
-2.248707647662183,-0.4168347770060512,-0.9868371863582908,-0.0012033794186421,-0.7804345770634448,0.2860570494041917,0.1314491435224732,0.1193372543962082,-0.6146455771978874,Alta
-1.0868865233527074,-0.3085694951060053,-1.5181502079043547,0.0033149045443243,-0.2267266290334223,-0.5126338830769092,0.2496100539575291,0.4389885125571457,-0.3989988337136711,Alta
1.1745656164945653,1.1427982171557776,2.39431312250281,0.1454031175513052,-1.2905136698940018,-0.4182546880469702,0.0900030086561797,-0.7947078098129701,0.2314273173387438,Alta
0.4340597392072064,-0.5495251925698869,-0.1118084194899567,0.115041887897976,-0.6364970713084768,-0.7116619853975734,0.3503274195843092,0.7810807962100473,-0.1716172533701932,Alta
-0.6975137387307148,-0.0408196201760329,-0.8258825953062225,0.287376205014129,-0.3763097338577064,-0.6575824757897846,0.4214097238711085,0.1011536222789816,0.0002926145430471,Alta
-0.648936379152708,-1.3198572292293946,-0.4996186526010518,0.9680915315973097,0.5428827898412638,-1.0135389964625898,-0.9635788811373966,0.7045609272092075,0.3657779029755836,Alta
1.4050146739058318,-1.571262326448806,0.2953031531254932,0.0898580993959787,-0.840015935580075,-0.7989158628574532,-0.2651741258058815,0.3816795096871061,0.149793591654169,Alta
3.722655254667056,-1.4596929023139926,0.1891938181423111,-0.6666016722930621,-0.0297416206948454,-0.4091706297207517,-0.3999241589498684,-0.9483298372775272,0.1973445422022748,Alta
3.722655254667056,-1.4596929023139926,0.1891938181423111,-0.6666016722930621,-0.0297416206948454,-0.4091706297207517,-0.3999241589498684,-0.9483298372775272,0.1973445422022748,Alta
2.1830626064170016,-1.7844794394647856,0.3368543214987505,-0.2755963636326242,-0.1573307565015068,-1.3197747959758004,-0.5919874204304068,-0.1339610192405777,0.3271650175794068,Alta
-3.32143510274966,0.0758173285657442,2.3050138926494266,0.2243199117352027,-0.3602387452908392,0.3727211174559946,-0.1337210374079672,0.0477849036228046,1.0444022660124042,Alta
1.8932237036517885,-0.6154245614385,0.2374453249699069,-0.2454804097734565,0.2736806421518429,-1.4590110085222634,-0.1969232296215121,-0.6488482302957236,-0.010242867592286,Alta
2.2246350725837485,-2.0684582086111485,-0.099533992746085,-0.4126793556503531,-0.8194832052006974,-0.4439284331944195,0.0836732755432488,-0.0002670180943443,-0.1992017660774035,Alta
0.0532416302821259,0.3529699398181878,0.2247288950601782,0.6168929907515764,0.39381074191183,-0.7026925182328898,-0.8539195903036,0.3978763282348015,-0.5304423013187081,Alta
0.0532416302821259,0.3529699398181878,0.2247288950601782,0.6168929907515764,0.39381074191183,-0.7026925182328898,-0.8539195903036,0.3978763282348015,-0.5304423013187081,Alta
0.8067718894827434,0.465798475646557,0.2955382823744322,-0.6137230684141395,0.9177358988623502,0.07523691775554,-1.291489473702112,-0.9511193832908686,0.1049300273980434,Alta
0.8067718894827434,0.465798475646557,0.2955382823744322,-0.6137230684141395,0.9177358988623502,0.07523691775554,-1.291489473702112,-0.9511193832908686,0.1049300273980434,Alta
3.0882719489896737,-1.5248795269648727,-0.1461425490888221,-0.2827262941400406,0.9515268507065576,1.3159968818535055,-0.360116842786558,-0.156126321136061,0.0228834739737118,Alta
-1.1528947922501371,-0.246045987068396,0.1738485642233257,0.2563606084321134,0.7605109540476472,0.3081394353294008,-1.065439780036249,0.4032449266747774,-0.5550917872466912,Alta
2.6717712544209467,-1.142445711514522,-0.3948622612258045,0.0695858782587173,1.7105815836910885,1.0469625039190131,-1.635820986546261,-0.6650918208274457,0.0286452747579773,Alta
2.10613491120052,-1.3859029319345093,0.8807044231862359,-0.0336428205468939,0.6286395020868024,0.5648995325864179,-0.1507106088049278,-0.8236953347664786,0.1989040120226501,Alta
3.638841918421639,-0.8380617121836811,-0.3428141859456471,-0.1391458454908244,0.4858533304701988,-0.376515875087928,-0.5676714741415214,-0.4166046696971126,0.0288843999643205,Alta
1.912589538954928,-2.4623609914321145,1.7548850360091357,0.9615491247838744,0.6661914049931895,-0.670857481483389,-0.9152988652418638,0.945076733732214,0.313147654314706,Alta
3.5943748229717696,-1.4267661197769388,0.1134738206636594,-0.2387930325055817,1.5513672921146275,1.3109984095387786,-0.5449166239724811,0.0972104786764483,0.1164319713877303,Alta
1.912589538954928,-2.4623609914321145,1.7548850360091357,0.9615491247838744,0.6661914049931895,-0.670857481483389,-0.9152988652418638,0.945076733732214,0.313147654314706,Alta
1.4393322448585606,0.0493223173511913,-0.0854879420108273,-0.068998770298012,-0.4199950827701165,-0.3163361276412675,0.1628238643169712,0.2199664870865857,-0.273143307485392,Alta
3.1088759300251647,-0.9005058682044238,-0.177486565572167,-1.1105740815038296,0.0756725318393631,0.0689431862340575,-0.1681696547226285,-0.9706499920871786,-0.0211045921580607,Alta
0.5106157520180641,0.7410419320797768,1.5155065143740911,-0.1738962993877563,0.0043974850271806,0.545517808179222,-1.2388999691162204,-0.7195955040745651,-0.8507155740327502,Alta
-2.938864442057393,0.6182327149463924,0.7822700070333914,-0.3422305445936875,0.7269072981157076,0.7955018520921424,-1.3852463462262987,-0.8085848283642383,-0.7948038689214425,Alta
2.3099854259550443,-1.9013124486154425,0.6034195894857841,0.0076712915971353,-0.232304566382045,-0.7189982748348,-0.4431468838367075,0.6375433551091363,0.064093528069377,Alta
-2.938864442057393,0.6182327149463924,0.7822700070333914,-0.3422305445936875,0.7269072981157076,0.7955018520921424,-1.3852463462262987,-0.8085848283642383,-0.7948038689214425,Alta
2.3099854259550443,-1.9013124486154425,0.6034195894857841,0.0076712915971353,-0.232304566382045,-0.7189982748348,-0.4431468838367075,0.6375433551091363,0.064093528069377,Alta
1.0489634372595171,-1.6084496144013594,0.4572037699626964,-0.6745850624813815,0.2080824879119219,0.6348711880222094,-0.1082746931090746,-0.3151127226201204,-0.1305794301671296,Alta
-3.1376245647615115,-1.874818076813449,1.0751172798513515,0.993274730457073,1.055859512518586,-0.370280611740809,-0.7780642799606983,0.533025241131958,0.5572355730134736,Alta
2.554541215299545,-1.5580914085566149,0.0405530273135778,-0.6594490684860462,0.5306139695342712,-0.6857590686342131,-0.1394307691108031,-0.7195289177858805,0.4674027714680726,Alta
2.554541215299545,-1.5580914085566149,0.0405530273135778,-0.6594490684860462,0.5306139695342712,-0.6857590686342131,-0.1394307691108031,-0.7195289177858805,0.4674027714680726,Alta
2.8436471721103955,0.8131891944172768,1.6307684775991709,-0.4116769690296306,-0.0455736613066733,-1.367098212708079,-1.2789131857860463,-1.0105027305822345,-0.6989138687020727,Alta
0.2743652536208908,-2.349446077067788,1.9858210650159025,-0.4312284533513598,0.8034796085053321,0.4701238667597015,-0.9589892567501166,-0.3856084843431546,0.1836847592289897,Alta
0.3839519462866219,-2.346198943594584,2.3724904132911844,-0.11021877333462,0.9382496425869348,0.3198286368983115,-1.1831312228824744,-0.023521486169516,0.2261309683519178,Alta
2.400907959981258,-1.8896736952512856,0.7491694806371366,0.7236518896574983,-0.0597646703232756,-1.0113472357003848,-0.775303219142008,0.741297575090044,0.1377440847069007,Alta
2.23194119584231,-1.9031659224248032,0.6968985590740859,0.7928543907209401,-0.0803991342737308,-1.2513665253446065,-0.7660911344153727,0.7655960957285032,0.0318496871663269,Alta
1.801542493288329,-1.8591275223408048,1.0706314358485904,-0.5230131085012044,0.6797041030293497,0.9176515972772784,-0.9353435721597824,-0.1858309264075618,0.2933120039735609,Alta
2.132662227468458,-1.943218472031388,0.7124718441187815,0.6639594756738385,-0.0620650558208552,-1.3278027198474396,-0.6644927343898132,0.5010378536469684,0.1412159655359265,Alta
3.9279894791690224,-0.866802871347896,1.1492339686589796,-1.307235860637688,-0.6034476474840215,0.6931212029334566,-0.5580082387908563,-0.7919112863534151,-0.6189616652860994,Alta
2.201069174094392,-1.8893812762690456,0.010619131939097,-0.2561605430838319,0.2756859147510579,1.3189173428097871,-0.3031702582165525,-0.4756617289182815,0.1605282333108577,Alta
2.201069174094392,-1.8893812762690456,0.010619131939097,-0.2561605430838319,0.2756859147510579,1.3189173428097871,-0.3031702582165525,-0.4756617289182815,0.1605282333108577,Alta
2.9393250510096536,-1.399847932481523,-0.385347035736386,-0.6594350607966067,-1.3566524590194375,0.2776645779611152,0.1501059311105417,0.5826665606448518,-0.5764356406188216,Alta
3.070806831847589,-0.5379846597574741,0.8991144147962853,0.4859083337865174,0.0122518547370565,-0.702132653844183,-0.8558598611902871,0.5940887226105034,-0.162037910326564,Alta
2.28844136830495,-1.7985755110429231,-0.0627028734999748,-0.596324476035213,-0.4182361079929075,-0.116494679017132,0.1800905639334916,0.917609023166957,-0.0945814128836041,Alta
-0.9915427767279876,0.0601602507969781,-1.877106845531428,1.2818348945196991,0.9110000600553853,0.944832969898482,-0.4633448252157563,-0.217678921158398,0.090865638400546,Alta
-0.0148235171171957,-1.0720865926391443,0.2007398912037982,-0.431248497031618,0.4277950054070039,-0.0307100156631415,-0.1572777840349045,0.0915048284858773,0.0548157175313822,Alta
3.017131416733948,-0.4124476384945792,0.0933807371532687,-0.600612855408195,-1.5693082263236215,1.1435462199789448,-1.031158563740148,0.0399614828451294,-0.7125562971004272,Alta
0.6151235297256387,-0.9563837736307074,1.3883911281647827,-0.1469660432234716,-1.0052537212605883,-0.2881736695421477,-0.6336049570495996,0.4202721021179312,-0.183804728825432,Alta
-3.301583230074516,-0.6606881052291375,2.481506574640413,1.1390022074999584,0.6826013339727918,-0.0810352947226525,-1.4518721384656577,0.77208674123087,1.127680932147704,Alta
-0.4696705966580786,-3.091357373130658,1.705554391884735,-0.3661263564434445,0.4392693573520358,0.4095074712066411,0.2046107688349271,0.2644573933308634,0.2229659689067452,Alta
-0.208790912575897,-3.11310045965145,1.5548471645685138,-0.4109794823789808,-0.0337260608230681,0.2799783530706309,0.1278399040605654,0.5386080826182804,0.1331377672183405,Alta
-0.4696705966580786,-3.091357373130658,1.705554391884735,-0.3661263564434445,0.4392693573520358,0.4095074712066411,0.2046107688349271,0.2644573933308634,0.2229659689067452,Alta
-4.17715702064431,-1.959436888359952,2.992371716999368,0.4031065243552508,1.2502504296402537,-0.0731793003447638,-0.4378708200470771,-0.2177670605841388,0.1729835187186648,Alta
-0.5876882946989276,-2.2162543907957217,0.5375819629387311,-0.386251344751454,0.0064527072748683,-0.7325602730668127,0.873594437428443,0.2345261052600129,0.2475505076743455,Alta
1.1961786718671794,-1.713234697393801,0.6181695169663861,0.2304144041823872,-0.3383920970701487,-0.4261368151603234,-0.5072243884462465,0.2630539898506945,-0.1262715517975957,Alta
1.7270732921777796,-1.5969699778315385,0.7166813430153212,-0.4018171222473217,0.5392103857993042,0.3618961508646626,-0.8694425935716246,-0.3666873184464725,0.0959529896085754,Alta
-2.070099981126856,-0.9855338500297446,-0.3356378202334907,0.2680092958492497,1.285913209199978,0.037343373603655,-1.0271433198323296,-0.0146628840854579,-0.2464377299315129,Alta
0.0782061327650178,-0.9361232779895404,1.5697754385466822,0.0418104999380043,0.0942960967179309,-0.8006988411033409,0.2021355085529265,-0.0351899429696717,0.1082711673975135,Alta
1.9819538735907267,-1.2726537186597804,0.5542155962207089,-0.866202195752032,-1.2491918139910947,-0.0536509121909408,-0.3109625362162214,-0.0148812753767259,-0.5894320901909664,Alta
0.486536162755138,-2.3604912275509005,0.4358398745387642,-0.4618044453965205,-0.7771465420391841,-0.0183363463207005,0.8257092580222958,0.1356447291249512,-0.2509023037458523,Alta
1.6316001865820675,-2.17452077553834,0.1728416468179329,-0.1569822693054111,0.0217130994495928,0.9571976062521866,0.0169737102041639,-0.1508050469192677,-0.3195856369083701,Alta
0.7842933263582733,-1.914475003135424,0.9210185326826348,0.419568440789764,0.8385649802071627,-0.0922353969577166,0.3151535897146343,-0.0637873970095668,-0.0173271421103041,Alta
1.074007188031499,-0.2592166573662421,1.7381078928638298,-0.4161551545611106,-0.1329862340091323,1.0651355546179493,-1.475923017985984,0.1323666994321928,-0.8110237383454642,Alta
-0.0358997588216532,-1.5507690253486457,2.233486778586727,0.0983748291253468,0.2224899901704131,0.3941601226031577,-0.1134676284382802,0.0048758956539197,-0.0401066965769866,Alta
-0.0358997588216532,-1.5507690253486457,2.233486778586727,0.0983748291253468,0.2224899901704131,0.3941601226031577,-0.1134676284382802,0.0048758956539197,-0.0401066965769866,Alta
-1.4964796635865043,0.0227877929435126,-0.3257577399237683,0.1799387984268898,0.8877553659537367,-0.9579461123444872,-0.576870443574191,-0.667425161315286,-0.1035952245333113,Alta
-1.4964796635865043,0.0227877929435126,-0.3257577399237683,0.1799387984268898,0.8877553659537367,-0.9579461123444872,-0.576870443574191,-0.667425161315286,-0.1035952245333113,Alta
1.019464220999062,-1.9514229112008,0.5438537115565234,-0.8677075980788289,1.736907927631249,0.6625679393495401,0.5452786651140746,-0.0066429120876632,0.1435303309901453,Alta
0.133218356756968,-1.9511393535627333,1.3802357176195286,-0.4321822069004977,0.673478548152626,0.2084720043716647,0.1942569628965433,0.4227708888912672,-0.0755840098883915,Alta
-0.8711840077107679,-1.2840754571552837,2.671687813503966,-0.1206374679563461,0.4778123860631049,0.7536748903174697,-0.082919596520864,-0.0412044665568586,-0.2367212804380732,Alta
0.5649894980189698,-2.142164849491126,1.7443266951949676,-0.1678601239712533,0.2984608876848926,0.1449301045289739,-0.350837980843186,-0.598827753591897,0.0608253686738867,Alta
1.5904520614651516,-0.0325133620763018,-0.3280277298379961,-0.4320934744396664,-0.369697424448019,-0.1415440766044231,0.1168268870134897,-0.1749260633758418,0.1391171225268938,Alta
1.2338292453931168,-0.0237424960904386,-1.01855457545414,-0.3335201399357087,-0.3966625362671082,-0.1837976312276383,0.1107647546758612,-0.2210332287283836,0.1738981505968357,Alta
0.5048453081389781,-1.7208532833683885,1.5219463019445916,-0.5279318220672551,0.8607296159258905,0.642708587424344,0.8987475087941333,5.070060870360679e-05,0.0551034335818594,Alta
1.2575760793810844,-1.8370773132593463,0.2887937373397778,0.0822507732390989,-0.2818039821277732,0.4752153057453227,-0.532514822770372,0.6400627075564665,-0.0290211473180517,Alta
2.079892107971644,-1.36706628228117,1.2606187977354393,0.1157773497801874,1.75496254932157,-0.2703172305395495,-0.8945471958085467,0.0269840876698688,0.2329396649700812,Alta
0.132959401223276,-2.7320401654636663,1.3669508908060697,-0.0230732532709298,0.1090667261160385,0.8774891696376507,0.7594347098716032,-0.2202123248798817,0.0923550745315093,Alta
0.4531806479007375,-2.4197191134920213,1.7632959280023908,0.0133983145309134,-0.0758074149294688,-0.8516635404765758,0.4552581756957018,-0.4697862980645271,0.0275837689768934,Alta
0.4531806479007375,-2.4197191134920213,1.7632959280023908,0.0133983145309134,-0.0758074149294688,-0.8516635404765758,0.4552581756957018,-0.4697862980645271,0.0275837689768934,Alta
0.4531806479007375,-2.4197191134920213,1.7632959280023908,0.0133983145309134,-0.0758074149294688,-0.8516635404765758,0.4552581756957018,-0.4697862980645271,0.0275837689768934,Alta
0.132959401223276,-2.7320401654636663,1.3669508908060697,-0.0230732532709298,0.1090667261160385,0.8774891696376507,0.7594347098716032,-0.2202123248798817,0.0923550745315093,Alta
0.0651544766238216,-2.160386715159273,0.6137876904372854,-0.2708706667012048,-0.0651276939497479,-0.2960358610805608,0.4843699097286648,0.2511724757786338,0.1180276380351273,Alta
0.8109665519248458,-2.838063822791664,0.962336716246111,-0.6032688814312973,-0.1548716288820986,0.6898611393159909,-0.2328474988282954,0.2593424949741992,-0.0083980620245147,Alta
-1.6688873832013262,0.1122767436120495,0.8485047647224766,1.038290157849174,0.6700465063813278,0.0438568944413439,0.0217793969582205,-0.4575296946831523,-0.6933005820734499,Alta
0.8804563787801158,-2.086482754867888,0.2745733789957284,-0.2291885337256977,0.1607511937832241,1.1437034943786772,0.5322587085988015,0.0249051905863379,-0.2708824917578482,Alta
1.368866390775076,-2.025939862302183,0.2805522958144359,-0.1763133227456603,0.2494805843855639,0.6142481622421787,0.2165281855687707,-0.4284393838276524,-0.0373255328187818,Alta
-0.8699262500629651,-1.271560160740392,0.7135629822653802,-0.9179260207671934,0.3222599521370161,0.7669540271384525,1.2231805052983924,0.5372221000581847,0.216846588564044,Alta
0.4075832065960851,-2.6672543404084568,0.1347192083565569,-0.5056900544492473,-0.77956051566909,0.781227713983305,0.3685107080761248,0.1121560266234946,-0.1196742742886004,Alta
-0.939998695148,-1.9691900370286253,0.5722311389049732,0.1000805141148984,0.4955352582194387,-0.4055354646970041,0.0570183227296255,0.040713731259705,0.2622637912439624,Alta
1.0095521828484804,-0.1002314755797921,1.4013108798968172,-0.0315096004690119,-1.066263562864734,-0.6564152885937768,-0.8198046284111752,-0.0817735777568881,-0.9312771304174629,Alta
0.449540352857557,-1.8123571272907864,1.4505389123804668,0.1760928871936604,-0.1098708620533464,-0.2059963776692881,-0.3431195686160775,0.5655451115871785,-0.2788055626837667,Alta
-1.6158244098740164,-2.980043346033926,1.313562906729148,-0.1584149427187682,0.1966979447653292,0.9445538001618544,0.6643771479595932,-0.0597897724588661,0.2010073592404328,Alta
-1.6158244098740164,-2.980043346033926,1.313562906729148,-0.1584149427187682,0.1966979447653292,0.9445538001618544,0.6643771479595932,-0.0597897724588661,0.2010073592404328,Alta
0.449540352857557,-1.8123571272907864,1.4505389123804668,0.1760928871936604,-0.1098708620533464,-0.2059963776692881,-0.3431195686160775,0.5655451115871785,-0.2788055626837667,Alta
0.4613716308417536,-1.8950456653143584,1.3714602776210485,0.2100757794459633,-0.0926423314721764,-0.1816637315442935,-0.3531110084352312,0.5419598986772275,-0.229351698628631,Alta
0.7758004224379861,-1.4542106656114016,1.1791550265354336,-0.056075859217597,0.9263057074293448,0.7421499845355897,0.5179853654682173,0.1113113217589438,-0.283907194374333,Alta
-0.1064566305582953,-2.872185695932226,1.2845820187289565,-0.5224008194321264,-0.4581511189512078,0.9876145896605644,0.5901489624785919,-0.1601468886943059,-0.0559144053548497,Alta
0.1663371938299104,-2.046104849012317,1.6013404816399353,-0.1204322441571587,0.2697131552432142,0.5936656661152623,-0.4683737157624195,0.0436322207946227,-0.0369501031716602,Alta
-1.3439059881659337,-0.6391696481594594,-0.8317389906138403,0.2307497196593043,-0.1366729521770924,0.2934729068218025,0.1342747329362491,0.3145810922181065,-0.6940775552043025,Alta
-1.3439059881659337,-0.6391696481594594,-0.8317389906138403,0.2307497196593043,-0.1366729521770924,0.2934729068218025,0.1342747329362491,0.3145810922181065,-0.6940775552043025,Alta
-2.0699673249188786,-1.182153570072448,-0.3658835287763388,0.2225585870742208,0.5738791709530635,0.4847321879351477,0.1249453487699503,-0.0004158932991898,-0.4592691124637689,Alta
-1.608457685925868,-1.0946368826130353,-0.5276658043503456,0.4136061950850266,0.1361059798698998,0.3603152942097226,0.222885827351136,0.2890900862371985,-0.5269068301416314,Alta
1.254056764249293,-1.546372250643267,-0.3877265629096649,-0.3056190585370624,-0.2085410999213903,0.1758589490069456,0.2894025669462072,0.387630480846651,-0.2036315216519754,Alta
-0.5468922270875693,-1.2049547427192226,2.339044302659804,-0.289320085836215,-0.2084988376861607,1.211525482013463,0.5443341878908361,0.0242941132571819,-0.9110926007411826,Alta
-0.2842795809939125,-2.4708560389225265,1.8219782920670708,0.057622402500823,0.5935885664290464,0.1793989406803831,-0.1423916287783544,-0.1519527420101676,0.1955292396515534,Alta
0.9000155978114458,-1.95837607253364,0.3402853114348708,-0.6355766870458079,1.3207422195780771,1.2695671944180589,0.5821908809816293,-0.114147031602914,0.3112403835417138,Alta
1.5580420388663645,0.0393187696585219,1.441531989300148,-0.1126271348119193,-0.1150653597980153,0.7458471286462544,-0.9639695207247004,-0.7063574620895348,-0.5018955048718211,Alta
0.9000155978114458,-1.95837607253364,0.3402853114348708,-0.6355766870458079,1.3207422195780771,1.2695671944180589,0.5821908809816293,-0.114147031602914,0.3112403835417138,Alta
-2.0737947727950847,-1.486166400205197,1.2373832254033164,0.3777409821057758,0.8047346054512533,0.5364274016171855,-0.3403738584087936,0.4872071456068422,-0.2604226975210711,Alta
2.3556440511667103,-2.47940937258338,0.3822098500549573,-0.1697939618956605,-0.5571829581147999,0.4035375153562219,-0.2686624458822637,1.1489206539987236,-0.0299296412167566,Alta
2.3556440511667103,-2.47940937258338,0.3822098500549573,-0.1697939618956605,-0.5571829581147999,0.4035375153562219,-0.2686624458822637,1.1489206539987236,-0.0299296412167566,Alta
0.9655232309617052,-1.33369534665651,1.618327085543351,0.3933998705498933,-0.8671617458100426,-0.0923100121117619,-0.6118666212053516,0.6586354377061417,-0.2511660334353343,Alta
0.517979039588257,-1.7123151701372985,0.3772938347709427,-1.2868043378221634,1.687108694510249,-0.6167336221051511,0.5986502803436324,0.1834657280509829,0.297158844855973,Alta
2.7760734946160266,-0.3405625434247598,0.2204193541884743,0.1096587372376205,-1.427673321922816,0.4512577273157666,-0.4858601038646492,0.1087501843835592,-0.6760969348437277,Alta
2.7760734946160266,-0.3405625434247598,0.2204193541884743,0.1096587372376205,-1.427673321922816,0.4512577273157666,-0.4858601038646492,0.1087501843835592,-0.6760969348437277,Alta
0.6252691284313358,-1.7486032872273003,1.3805774607942651,0.2878129045215648,0.3950998505517729,-0.400699862050604,-0.4847551199518696,0.0431585228635992,-0.0003662170057325,Alta
0.6528589102418745,-2.045679546613972,1.3650864877522626,0.2733328134659718,-0.0190392332572594,-0.203083157071533,-0.2929108699465327,0.3913544541163162,0.0153635789978382,Alta
0.1765308681405925,-1.9342783792421656,1.1969259169590636,-0.4863063842852342,-1.1610759853595598,0.6903597156494111,0.6549736252537361,0.6858555383821974,-0.4104729963171347,Alta
-0.954359576351141,-2.10181015989786,2.9647247641109526,0.7120162940669384,0.5677717911277123,0.5018062770100294,-0.7899815396566843,-0.0473349088935126,-0.0544867976464848,Alta
0.0612350755095213,-2.4331129363039103,0.99649200079697,0.0037575367293985,-0.1286253939679233,-0.2152875137774279,0.0621351646278848,0.2661178322932616,0.0405452303725741,Alta
-0.1997946862172281,-2.662915161326352,1.3785340240354194,-0.1193788714433821,0.9226733153497658,0.339041662008937,-0.0522024848762331,0.463388422587402,0.0759218912025603,Alta
2.0706498209615627,-1.8914266784197435,0.2809784912477633,-0.2449127977657638,-0.1905501553602855,0.4130006458938189,-0.0087744587292986,0.0114537634209343,0.1476140657536989,Alta
0.5050579835770256,-2.014145189261792,1.3346906866931172,-0.0071584701161994,-0.2264446249720388,0.8170513564866871,0.3230445266321377,0.6488197463134783,-0.2967350178870883,Alta
0.1796662353689277,-0.7147473764799717,2.736662810998368,0.2732134604664915,0.2672316182888938,-0.0728426309954917,-0.6491367276406753,-0.0534820322119852,-0.6016829169778904,Alta
-2.4270625356369098,-2.011616173140609,0.3961313629212583,0.0164451153573675,0.9557031501731506,1.144517646245688,-0.7814780078220952,0.8537362076819393,-0.2516980863670401,Alta
-0.904282280270125,-1.8821631794787603,2.301578360210073,0.1218931764714527,0.6525434917665924,-0.7103235450679117,0.1729174546807153,-0.2370470622167732,0.6062511176415842,Alta
-0.4826730388679343,-2.2646390307687,0.3983817780531045,-0.3650539920110626,-0.4595656248686188,0.4701606820282652,0.9199320371567756,0.2331220253473374,0.0617087816997465,Alta
-0.1107681163748132,-0.5267419399535294,1.8944934981964905,0.576165154098101,-0.1314991020604307,-0.7518367958007263,-0.0234463938403874,-0.1687705820257687,0.0278467789588616,Alta
-0.1107681163748132,-0.5267419399535294,1.8944934981964905,0.576165154098101,-0.1314991020604307,-0.7518367958007263,-0.0234463938403874,-0.1687705820257687,0.0278467789588616,Alta
-0.1107681163748132,-0.5267419399535294,1.8944934981964905,0.576165154098101,-0.1314991020604307,-0.7518367958007263,-0.0234463938403874,-0.1687705820257687,0.0278467789588616,Alta
-0.1107681163748132,-0.5267419399535294,1.8944934981964905,0.576165154098101,-0.1314991020604307,-0.7518367958007263,-0.0234463938403874,-0.1687705820257687,0.0278467789588616,Alta
-0.863727682371054,-1.4659997048412357,1.5764422579322852,0.9190802625569592,0.2724086880810794,-0.7708048257187713,0.1696029965441826,0.1198495223443574,0.4231691550994386,Alta
0.6564457083510881,-2.6792074587094645,0.3249512959842295,-0.6158932330676515,-0.7258505012214168,0.8195276336415376,0.4279966340609478,0.4180642856679985,-0.1567322320388114,Alta
0.6810796830085174,-0.7028136095438795,1.603356857395286,0.1800468447693315,-0.912380951365333,0.175112822596759,-0.4633498767453056,0.6639488613522698,-0.1511386852818669,Alta
-1.5404259335959083,-0.1479394841246439,-0.6444439500633052,0.2352504386305721,0.3911460977101814,-0.7444939225532976,0.0966995412550762,-0.3770070390471854,-0.0186424149705436,Alta
0.0559889926298048,-1.2239387074327213,1.732444920670136,0.5762315999481173,-0.2149456826965325,-0.6539529614963824,-0.1840116747786442,0.8105680337817655,-0.307787112022523,Alta
-0.4826622839279244,-1.0858163280871655,1.9968061442268976,0.0075804534847547,0.2839046028715524,-0.1625863955443596,-0.1034770007476687,0.0955709458470381,-0.2937709699479826,Alta
-1.2952052168580168,-0.8314733679175885,0.1724207894054358,0.6742584499829068,-0.1907656375271397,-1.094244774513225,0.5635008752541779,0.5727797560255148,0.0668080390976251,Alta
-0.3572535291463847,-1.3471955439688184,1.1746804424818111,0.1873586574102497,-0.3559908927041905,0.1653561786749237,0.2118511627229366,0.7079382873414497,-0.181111059040958,Alta
-0.3572535291463847,-1.3471955439688184,1.1746804424818111,0.1873586574102497,-0.3559908927041905,0.1653561786749237,0.2118511627229366,0.7079382873414497,-0.181111059040958,Alta
0.8105368109586537,-1.3962479067419236,0.4939573098042586,0.4396431757068874,0.6423251753598842,-0.7076460155330533,0.5968114682529624,-0.127080560600962,0.1828866771926417,Alta
-0.1555872164633334,-2.621189749392483,1.5642351491424171,0.188478889582618,-0.1571496385905077,-0.5126508468734298,0.2223255199075802,0.5192209951903268,0.0516481305131952,Alta
-0.1368540796619352,0.882186414763384,0.664403846882653,-0.2490253094722424,-0.7922583368868,-0.5191289764609134,-0.0015376950877863,-0.120712368290723,-0.5514538231538666,Alta
-0.1368540796619352,0.882186414763384,0.664403846882653,-0.2490253094722424,-0.7922583368868,-0.5191289764609134,-0.0015376950877863,-0.120712368290723,-0.5514538231538666,Alta
-1.561639683378176,-0.8399801338708103,0.5154843409722883,0.6326361391211658,-0.7606104786388459,-1.090205328679176,0.792923690395567,0.625930793342586,-0.3487223358564496,Alta
-2.042607256167263,-1.0771147804541965,0.6695852759976868,0.0129100258447208,0.4542866274073703,0.4283465129798118,-0.011304422063777,0.2207147753196958,-0.0345828798522549,Alta
-0.213437020621423,-0.5588770190381265,1.409444852508909,-0.1266753663326753,-0.2778745110296544,-1.2573369091828843,0.2260241888160051,0.1167304277563466,-0.0080989197803198,Alta
0.7449370751646109,-1.636309052769526,0.9542782754605948,0.1399795815680355,-0.1420594165672142,0.081452509079517,-0.084205299790746,0.7961199702896659,-0.1260499965773054,Alta
-1.5407014679843694,-0.6969445470544663,0.0459170307551852,0.3623799480484495,-0.0951754617657392,-0.4145600163949472,-0.1338035978113307,0.0696487920236758,-0.1604478101348169,Alta
-0.2080266107957584,-0.9701156013039944,2.186871330352312,0.1973249219393688,-0.096725388265137,-0.2031943277918388,0.1841912639423453,0.3257032435556634,-0.2878043623089941,Alta
